exec_time,reprod,repeat,tool,site,th_oxide,ri_sige,th_sige,GOF 
0,1,1,QFX1001,1,2.8768,27.9672,91.3146,0.8911
0,1,1,QFX1001,2,2.9174,27.962,88.7189,0.8952
0,1,1,QFX1001,3,3.0534,27.9883,87.7529,0.8988
0,1,1,QFX1001,4,3.0699,27.9698,88.1033,0.8952
0,1,1,QFX1001,5,2.9877,27.9726,87.5407,0.8954
0,1,1,QFX1001,6,2.9656,27.9725,88.654,0.8947
0,1,1,QFX1001,7,3.1267,27.9691,90.0054,0.8927
0,1,1,QFX1001,8,2.8226,28.0335,88.8976,0.8993
0,1,1,QFX1001,9,3.5913,27.9602,88.2237,0.8939
0,1,1,QFX1001,10,3.7521,27.9873,87.9821,0.8976
0,1,1,QFX1001,11,3.9671,27.9711,87.4903,0.8972
0,1,1,QFX1001,12,4.0065,27.9778,88.3878,0.8972
0,1,1,QFX1001,13,3.768,27.9675,87.6378,0.8972
0,1,1,QFX1001,14,2.6454,28.03,89.3415,0.8988
0,1,1,QFX1001,15,2.9999,27.9852,88.1469,0.8949
0,1,1,QFX1001,16,3.3563,27.9788,87.1844,0.8972
0,1,1,QFX1001,17,3.1252,27.9697,87.9573,0.8957
0,1,2,QFX1001,1,2.955,27.9746,91.2626,0.8915
0,1,2,QFX1001,2,2.949,27.9771,88.6664,0.896
0,1,2,QFX1001,3,3.0596,27.9909,87.8157,0.8987
0,1,2,QFX1001,4,3.1502,27.9802,88.0928,0.8973
0,1,2,QFX1001,5,3.0944,27.9695,87.5523,0.8972
0,1,2,QFX1001,6,2.9575,27.9684,88.7325,0.8932
0,1,2,QFX1001,7,3.1959,27.9633,89.9479,0.8932
0,1,2,QFX1001,8,2.8787,28.0329,89.0195,0.8984
0,1,2,QFX1001,9,3.6279,27.9679,88.2854,0.8963
0,1,2,QFX1001,10,3.8151,27.9858,87.9602,0.8978
0,1,2,QFX1001,11,3.993,27.9785,87.4471,0.8979
0,1,2,QFX1001,12,3.9557,27.9851,88.3645,0.8962
0,1,2,QFX1001,13,3.7671,27.9628,87.6516,0.8966
0,1,2,QFX1001,14,2.6523,28.0441,89.3495,0.8989
0,1,2,QFX1001,15,3.0374,27.978,88.2228,0.8951
0,1,2,QFX1001,16,3.3506,27.9861,87.1881,0.896
0,1,2,QFX1001,17,3.1066,27.964,87.9809,0.8955
0,1,3,QFX1001,1,2.9953,27.9603,91.2843,0.8916
0,1,3,QFX1001,2,2.9117,27.9719,88.7788,0.8946
0,1,3,QFX1001,3,3.024,27.991,87.8271,0.8982
0,1,3,QFX1001,4,3.1542,27.978,88.1864,0.8959
0,1,3,QFX1001,5,3.1174,27.9671,87.5671,0.8958
0,1,3,QFX1001,6,3.0921,27.9663,88.4532,0.8913
0,1,3,QFX1001,7,3.2308,27.9621,89.9923,0.8934
0,1,3,QFX1001,8,2.9012,28.0332,88.8756,0.8973
0,1,3,QFX1001,9,3.6262,27.9676,88.2522,0.8944
0,1,3,QFX1001,10,3.824,27.9823,87.9936,0.8985
0,1,3,QFX1001,11,3.9913,27.9767,87.463,0.8966
0,1,3,QFX1001,12,4.0578,27.9668,88.4117,0.8961
0,1,3,QFX1001,13,3.854,27.9617,87.6832,0.8964
0,1,3,QFX1001,14,2.6532,28.0362,89.4173,0.8991
0,1,3,QFX1001,15,3.1181,27.9777,88.0958,0.8942
0,1,3,QFX1001,16,3.4308,27.9891,87.1482,0.8971
0,1,3,QFX1001,17,3.128,27.9793,87.937,0.8968
0,1,4,QFX1001,1,3.0215,27.9606,91.3557,0.8909
0,1,4,QFX1001,2,3.004,27.9715,88.7782,0.8962
0,1,4,QFX1001,3,3.0416,27.9941,87.8659,0.8987
0,1,4,QFX1001,4,3.2381,27.9768,88.1452,0.8968
0,1,4,QFX1001,5,3.1712,27.9697,87.4901,0.8964
0,1,4,QFX1001,6,3.1154,27.9625,88.659,0.8927
0,1,4,QFX1001,7,3.2603,27.9761,89.9834,0.894
0,1,4,QFX1001,8,2.9306,28.0387,88.9388,0.8988
0,1,4,QFX1001,9,3.6187,27.9691,88.2616,0.895
0,1,4,QFX1001,10,3.8866,27.9886,87.9686,0.8984
0,1,4,QFX1001,11,4.0177,27.9766,87.5191,0.8976
0,1,4,QFX1001,12,4.0878,27.974,88.4209,0.8957
0,1,4,QFX1001,13,3.9321,27.9595,87.6478,0.8958
0,1,4,QFX1001,14,2.6994,28.0291,89.3712,0.8985
0,1,4,QFX1001,15,3.1535,27.9759,88.0372,0.8942
0,1,4,QFX1001,16,3.4852,27.9873,87.2236,0.8976
0,1,4,QFX1001,17,3.1766,27.9789,87.884,0.8964
0,1,5,QFX1001,1,3.0805,27.9639,91.3832,0.8924
0,1,5,QFX1001,2,3.0537,27.9711,88.7136,0.8952
0,1,5,QFX1001,3,3.1078,27.993,87.8438,0.8984
0,1,5,QFX1001,4,3.1981,27.9764,88.2034,0.8946
0,1,5,QFX1001,5,3.1666,27.9647,87.5171,0.8961
0,1,5,QFX1001,6,3.152,27.9733,88.5211,0.8927
0,1,5,QFX1001,7,3.2746,27.9676,90.0312,0.894
0,1,5,QFX1001,8,2.943,28.0406,88.9989,0.8987
0,1,5,QFX1001,9,3.6822,27.9794,88.3033,0.895
0,1,5,QFX1001,10,3.883,27.9903,87.9885,0.8982
0,1,5,QFX1001,11,4.1017,27.9772,87.5236,0.8981
0,1,5,QFX1001,12,4.1151,27.9804,88.4124,0.8968
0,1,5,QFX1001,13,3.9181,27.9569,87.6754,0.8966
0,1,5,QFX1001,14,2.7444,28.0296,89.3347,0.8985
0,1,5,QFX1001,15,3.2079,27.9794,88.1296,0.8958
0,1,5,QFX1001,16,3.497,27.9877,87.1329,0.8962
0,1,5,QFX1001,17,3.2174,27.9782,87.9624,0.8967
15668,1,1,QFX1002,1,3.5344,28.3869,89.946,0.913
15668,1,1,QFX1002,2,3.4285,28.4125,87.8389,0.9165
15668,1,1,QFX1002,3,3.5632,28.418,86.7361,0.9153
15668,1,1,QFX1002,4,3.7042,28.4051,87.0678,0.9148
15668,1,1,QFX1002,5,3.5974,28.4135,86.7576,0.9201
15668,1,1,QFX1002,6,3.6503,28.4147,87.4717,0.919
15668,1,1,QFX1002,7,3.7414,28.3964,88.6632,0.9112
15668,1,1,QFX1002,8,3.3847,28.494,87.9582,0.9195
15668,1,1,QFX1002,9,4.07,28.4181,87.4459,0.9198
15668,1,1,QFX1002,10,4.3719,28.4296,86.9052,0.9156
15668,1,1,QFX1002,11,4.67,28.4145,86.2776,0.9139
15668,1,1,QFX1002,12,4.5882,28.4231,87.5132,0.9163
15668,1,1,QFX1002,13,4.4483,28.4166,86.9351,0.92
15668,1,1,QFX1002,14,3.2902,28.4891,88.541,0.9204
15668,1,1,QFX1002,15,3.7966,28.4193,86.9925,0.9185
15668,1,1,QFX1002,16,3.9139,28.4304,86.3021,0.9178
15668,1,1,QFX1002,17,3.684,28.4266,86.9431,0.9173
15668,1,2,QFX1002,1,3.6346,28.4031,89.9827,0.9131
15668,1,2,QFX1002,2,3.5204,28.4332,87.9745,0.9187
15668,1,2,QFX1002,3,3.6547,28.4229,86.7915,0.9166
15668,1,2,QFX1002,4,3.8034,28.4044,87.1383,0.9148
15668,1,2,QFX1002,5,3.7149,28.4159,86.7996,0.9198
15668,1,2,QFX1002,6,3.7414,28.4187,87.4598,0.919
15668,1,2,QFX1002,7,3.7858,28.4061,88.771,0.9115
15668,1,2,QFX1002,8,3.4572,28.4953,87.9905,0.9199
15668,1,2,QFX1002,9,4.1355,28.4348,87.4807,0.9204
15668,1,2,QFX1002,10,4.4424,28.4307,86.944,0.9166
15668,1,2,QFX1002,11,4.758,28.4165,86.2745,0.9142
15668,1,2,QFX1002,12,4.6733,28.4265,87.5469,0.9168
15668,1,2,QFX1002,13,4.5609,28.4157,86.9024,0.9199
15668,1,2,QFX1002,14,3.3631,28.4913,88.5203,0.9198
15668,1,2,QFX1002,15,3.9076,28.4166,86.9758,0.9188
15668,1,2,QFX1002,16,3.993,28.4287,86.3137,0.9175
15668,1,2,QFX1002,17,3.765,28.4279,87.0151,0.9181
15668,1,3,QFX1002,1,3.7466,28.3957,89.9671,0.9134
15668,1,3,QFX1002,2,3.6292,28.4264,87.9137,0.9186
15668,1,3,QFX1002,3,3.7666,28.4223,86.7568,0.917
15668,1,3,QFX1002,4,3.9184,28.4093,87.1013,0.9159
15668,1,3,QFX1002,5,3.8258,28.4177,86.7652,0.9197
15668,1,3,QFX1002,6,3.8881,28.4144,87.4745,0.9187
15668,1,3,QFX1002,7,3.8816,28.4066,88.7573,0.9113
15668,1,3,QFX1002,8,3.5213,28.4929,88.0383,0.9204
15668,1,3,QFX1002,9,4.2215,28.4324,87.5498,0.921
15668,1,3,QFX1002,10,4.5271,28.4336,86.9991,0.9174
15668,1,3,QFX1002,11,4.858,28.4228,86.3228,0.9149
15668,1,3,QFX1002,12,4.7633,28.4308,87.5165,0.9173
15668,1,3,QFX1002,13,4.6466,28.4158,86.8704,0.9195
15668,1,3,QFX1002,14,3.46,28.4903,88.516,0.9203
15668,1,3,QFX1002,15,4.047,28.4236,86.9895,0.9183
15668,1,3,QFX1002,16,4.0734,28.4369,86.3026,0.9184
15668,1,3,QFX1002,17,3.8354,28.4259,87.0301,0.9176
15668,1,4,QFX1002,1,3.8566,28.3992,89.9716,0.9139
15668,1,4,QFX1002,2,3.7344,28.4226,87.9006,0.9172
15668,1,4,QFX1002,3,3.8655,28.4273,86.7936,0.918
15668,1,4,QFX1002,4,4.0318,28.4113,87.0749,0.9159
15668,1,4,QFX1002,5,3.9383,28.417,86.772,0.92
15668,1,4,QFX1002,6,3.9938,28.4114,87.4473,0.9188
15668,1,4,QFX1002,7,3.9786,28.4071,88.7519,0.9124
15668,1,4,QFX1002,8,3.5741,28.4991,88.0367,0.9205
15668,1,4,QFX1002,9,4.2802,28.4332,87.5529,0.921
15668,1,4,QFX1002,10,4.6117,28.4336,86.977,0.9167
15668,1,4,QFX1002,11,4.9344,28.4216,86.2895,0.9146
15668,1,4,QFX1002,12,4.8745,28.4323,87.5649,0.9163
15668,1,4,QFX1002,13,4.7521,28.4219,86.8795,0.9199
15668,1,4,QFX1002,14,3.5296,28.4936,88.5072,0.9208
15668,1,4,QFX1002,15,4.1312,28.4157,86.9782,0.9192
15668,1,4,QFX1002,16,4.1644,28.4325,86.2612,0.9179
15668,1,4,QFX1002,17,3.9318,28.4334,87.0445,0.9188
15668,1,5,QFX1002,1,3.9676,28.4014,89.9875,0.9142
15668,1,5,QFX1002,2,3.8157,28.4338,87.9367,0.919
15668,1,5,QFX1002,3,3.9638,28.4222,86.7768,0.9169
15668,1,5,QFX1002,4,4.1403,28.4181,87.092,0.9167
15668,1,5,QFX1002,5,4.04,28.4161,86.752,0.9192
15668,1,5,QFX1002,6,4.0887,28.4201,87.4481,0.919
15668,1,5,QFX1002,7,4.0494,28.4087,88.7256,0.9123
15668,1,5,QFX1002,8,3.653,28.497,88.0188,0.9205
15668,1,5,QFX1002,9,4.3706,28.4356,87.5308,0.9204
15668,1,5,QFX1002,10,4.7131,28.4407,87.0456,0.9196
15668,1,5,QFX1002,11,5.0237,28.4208,86.3198,0.915
15668,1,5,QFX1002,12,4.9419,28.4239,87.4936,0.9172
15668,1,5,QFX1002,13,4.8562,28.4181,86.8931,0.9194
15668,1,5,QFX1002,14,3.6119,28.4971,88.4901,0.92
15668,1,5,QFX1002,15,4.2284,28.423,86.9452,0.9185
15668,1,5,QFX1002,16,4.227,28.4355,86.3044,0.9178
15668,1,5,QFX1002,17,4.0184,28.4332,87.0216,0.919
10795,1,1,QFX1003,1,3.4723,28.0508,91.3229,0.9265
10795,1,1,QFX1003,2,3.3573,28.054,88.8815,0.9291
10795,1,1,QFX1003,3,3.4757,28.0709,87.8251,0.9304
10795,1,1,QFX1003,4,3.6554,28.0475,87.7957,0.9274
10795,1,1,QFX1003,5,3.5493,28.0462,87.464,0.929
10795,1,1,QFX1003,6,3.5554,28.0352,88.2893,0.9286
10795,1,1,QFX1003,7,3.6763,28.0389,89.8706,0.9259
10795,1,1,QFX1003,8,3.2501,28.1166,89.0179,0.9334
10795,1,1,QFX1003,9,4.0106,28.0519,88.4196,0.9309
10795,1,1,QFX1003,10,4.2888,28.0614,87.9148,0.9309
10795,1,1,QFX1003,11,4.5449,28.0263,87.0872,0.9275
10795,1,1,QFX1003,12,4.4947,28.08,88.4083,0.9299
10795,1,1,QFX1003,13,4.3564,28.0414,87.5276,0.9297
10795,1,1,QFX1003,14,3.0736,28.1166,89.5014,0.9313
10795,1,1,QFX1003,15,3.6501,28.0488,87.9801,0.9298
10795,1,1,QFX1003,16,3.7799,28.0681,87.5228,0.9304
10795,1,1,QFX1003,17,3.5549,28.0581,87.9861,0.9311
10795,1,2,QFX1003,1,3.4832,28.0493,91.3169,0.9262
10795,1,2,QFX1003,2,3.359,28.0561,88.9536,0.929
10795,1,2,QFX1003,3,3.4658,28.0656,87.8223,0.9295
10795,1,2,QFX1003,4,3.6778,28.0423,87.7865,0.927
10795,1,2,QFX1003,5,3.5807,28.0403,87.4706,0.9289
10795,1,2,QFX1003,6,3.5927,28.0347,88.2702,0.928
10795,1,2,QFX1003,7,3.7102,28.0407,89.8536,0.9265
10795,1,2,QFX1003,8,3.2797,28.1216,89.0255,0.9326
10795,1,2,QFX1003,9,4.0615,28.0511,88.3612,0.9297
10795,1,2,QFX1003,10,4.2889,28.0595,87.9323,0.9313
10795,1,2,QFX1003,11,4.5627,28.0475,87.1074,0.9285
10795,1,2,QFX1003,12,4.519,28.0608,88.3895,0.9291
10795,1,2,QFX1003,13,4.3847,28.0459,87.5418,0.9302
10795,1,2,QFX1003,14,3.1133,28.1193,89.5057,0.9319
10795,1,2,QFX1003,15,3.6951,28.0514,87.947,0.9296
10795,1,2,QFX1003,16,3.8165,28.0774,87.5022,0.9299
10795,1,2,QFX1003,17,3.5904,28.0576,87.956,0.9301
10795,1,3,QFX1003,1,3.5122,28.0533,91.2874,0.9262
10795,1,3,QFX1003,2,3.4016,28.0551,88.9233,0.9286
10795,1,3,QFX1003,3,3.5196,28.0646,87.8187,0.9302
10795,1,3,QFX1003,4,3.7183,28.0408,87.7283,0.9275
10795,1,3,QFX1003,5,3.6403,28.0453,87.4574,0.9298
10795,1,3,QFX1003,6,3.6499,28.042,88.2862,0.9286
10795,1,3,QFX1003,7,3.7276,28.0539,89.7892,0.9258
10795,1,3,QFX1003,8,3.3244,28.1139,88.9994,0.9317
10795,1,3,QFX1003,9,4.0787,28.0508,88.3853,0.929
10795,1,3,QFX1003,10,4.3261,28.0715,87.8964,0.9309
10795,1,3,QFX1003,11,4.595,28.0409,87.0578,0.9288
10795,1,3,QFX1003,12,4.5473,28.0536,88.3543,0.9293
10795,1,3,QFX1003,13,4.4454,28.0485,87.5195,0.9289
10795,1,3,QFX1003,14,3.1859,28.1174,89.4144,0.9315
10795,1,3,QFX1003,15,3.7194,28.0401,87.8987,0.9294
10795,1,3,QFX1003,16,3.8423,28.0695,87.5171,0.9314
10795,1,3,QFX1003,17,3.6372,28.0497,87.9623,0.9301
10795,1,4,QFX1003,1,3.5351,28.0496,91.3043,0.9261
10795,1,4,QFX1003,2,3.4517,28.0589,88.9228,0.9276
10795,1,4,QFX1003,3,3.5617,28.0683,87.8745,0.9301
10795,1,4,QFX1003,4,3.7777,28.0451,87.7938,0.9266
10795,1,4,QFX1003,5,3.6553,28.0463,87.3951,0.9297
10795,1,4,QFX1003,6,3.682,28.0386,88.2427,0.9291
10795,1,4,QFX1003,7,3.7599,28.0436,89.8383,0.9254
10795,1,4,QFX1003,8,3.3993,28.1164,88.9733,0.9331
10795,1,4,QFX1003,9,4.1127,28.0558,88.4303,0.93
10795,1,4,QFX1003,10,4.3716,28.0757,87.9291,0.9313
10795,1,4,QFX1003,11,4.6412,28.0374,87.0764,0.9281
10795,1,4,QFX1003,12,4.5935,28.0713,88.3896,0.9292
10795,1,4,QFX1003,13,4.4729,28.0461,87.5429,0.9299
10795,1,4,QFX1003,14,3.2787,28.1284,89.4101,0.9321
10795,1,4,QFX1003,15,3.7718,28.0451,87.8461,0.9292
10795,1,4,QFX1003,16,3.8822,28.0716,87.5226,0.9301
10795,1,4,QFX1003,17,3.6463,28.0546,88.0163,0.9295
10795,1,5,QFX1003,1,3.614,28.0485,91.2679,0.9254
10795,1,5,QFX1003,2,3.5014,28.054,88.8668,0.9285
10795,1,5,QFX1003,3,3.6001,28.0638,87.862,0.9301
10795,1,5,QFX1003,4,3.7947,28.0355,87.6992,0.9261
10795,1,5,QFX1003,5,3.6965,28.0425,87.4475,0.9291
10795,1,5,QFX1003,6,3.7019,28.0318,88.2724,0.9292
10795,1,5,QFX1003,7,3.769,28.0426,89.8728,0.9258
10795,1,5,QFX1003,8,3.4401,28.1207,88.9686,0.9328
10795,1,5,QFX1003,9,4.1257,28.051,88.3983,0.9291
10795,1,5,QFX1003,10,4.3961,28.0607,87.9256,0.9307
10795,1,5,QFX1003,11,4.6936,28.0598,87.0744,0.9283
10795,1,5,QFX1003,12,4.5974,28.061,88.3358,0.9297
10795,1,5,QFX1003,13,4.5206,28.0472,87.4774,0.93
10795,1,5,QFX1003,14,3.3197,28.1225,89.442,0.9313
10795,1,5,QFX1003,15,3.8202,28.0548,87.8863,0.9297
10795,1,5,QFX1003,16,3.9422,28.0676,87.4522,0.9301
10795,1,5,QFX1003,17,3.6663,28.0492,87.9947,0.9296
18994,1,1,QFX1006,1,4.1242,28.138,90.7455,0.9225
18994,1,1,QFX1006,2,4.0108,28.1456,88.2548,0.9246
18994,1,1,QFX1006,3,4.124,28.119,86.9429,0.9188
18994,1,1,QFX1006,4,4.2862,28.1507,87.7271,0.9256
18994,1,1,QFX1006,5,4.2196,28.1636,87.2865,0.9283
18994,1,1,QFX1006,6,4.3585,28.1398,87.5883,0.9212
18994,1,1,QFX1006,7,4.1391,28.1481,89.711,0.9239
18994,1,1,QFX1006,8,3.735,28.2101,88.4601,0.927
18994,1,1,QFX1006,9,4.5696,28.1183,87.6029,0.9219
18994,1,1,QFX1006,10,4.828,28.1294,87.2363,0.9207
18994,1,1,QFX1006,11,5.1295,28.1632,87.2191,0.929
18994,1,1,QFX1006,12,5.0473,28.1643,88.1587,0.9263
18994,1,1,QFX1006,13,5.0018,28.1597,87.3464,0.9284
18994,1,1,QFX1006,14,3.7234,28.2518,89.1957,0.9313
18994,1,1,QFX1006,15,4.491,28.1328,87.1663,0.923
18994,1,1,QFX1006,16,4.3996,28.1551,86.7471,0.9253
18994,1,1,QFX1006,17,4.1692,28.1437,87.3661,0.9244
18994,1,1,QFX1006,1,4.1733,28.1421,90.852,0.9236
18994,1,1,QFX1006,2,4.0525,28.1451,88.3643,0.9257
18994,1,1,QFX1006,3,4.1406,28.1254,87.1886,0.9226
18994,1,1,QFX1006,4,4.3466,28.1596,87.82,0.9263
18994,1,1,QFX1006,5,4.2872,28.1644,87.2894,0.9275
18994,1,1,QFX1006,6,4.4137,28.1321,87.6051,0.9224
18994,1,1,QFX1006,7,4.1762,28.1487,89.775,0.9235
18994,1,1,QFX1006,8,3.7781,28.2149,88.4538,0.9286
18994,1,1,QFX1006,9,4.6168,28.1282,87.7008,0.9234
18994,1,1,QFX1006,10,4.8559,28.1321,87.3552,0.9216
18994,1,1,QFX1006,11,5.1881,28.1706,87.2042,0.9282
18994,1,1,QFX1006,12,5.0883,28.1733,88.2233,0.928
18994,1,1,QFX1006,13,5.0401,28.1607,87.3647,0.9283
18994,1,1,QFX1006,14,3.7269,28.25,89.1477,0.9308
18994,1,1,QFX1006,15,4.5524,28.1381,87.2689,0.9228
18994,1,1,QFX1006,16,4.4497,28.1544,86.7604,0.9264
18994,1,1,QFX1006,17,4.2257,28.1403,87.4095,0.925
18994,1,1,QFX1006,1,4.2642,28.14,90.8266,0.922
18994,1,1,QFX1006,2,4.0975,28.149,88.3696,0.925
18994,1,1,QFX1006,3,4.1966,28.1205,87.0586,0.9191
18994,1,1,QFX1006,4,4.4498,28.1626,87.8551,0.927
18994,1,1,QFX1006,5,4.3547,28.1656,87.3208,0.9279
18994,1,1,QFX1006,6,4.4697,28.1303,87.5948,0.9221
18994,1,1,QFX1006,7,4.2603,28.1492,89.7682,0.9239
18994,1,1,QFX1006,8,3.8182,28.2197,88.5628,0.9288
18994,1,1,QFX1006,9,4.6654,28.1356,87.7788,0.9233
18994,1,1,QFX1006,10,4.9204,28.1406,87.4073,0.924
18994,1,1,QFX1006,11,5.2422,28.1653,87.2459,0.9303
18994,1,1,QFX1006,12,5.157,28.1747,88.2213,0.9269
18994,1,1,QFX1006,13,5.1235,28.1567,87.3416,0.9281
18994,1,1,QFX1006,14,3.8079,28.2472,89.1665,0.931
18994,1,1,QFX1006,15,4.6728,28.1384,87.2072,0.9229
18994,1,1,QFX1006,16,4.5021,28.15,86.7277,0.9258
18994,1,1,QFX1006,17,4.3266,28.1485,87.4118,0.9252
18994,1,1,QFX1006,1,4.3668,28.1334,90.8237,0.9219
18994,1,1,QFX1006,2,4.1952,28.1462,88.3571,0.9243
18994,1,1,QFX1006,3,4.3118,28.1356,87.2098,0.9233
18994,1,1,QFX1006,4,4.5439,28.1552,87.855,0.9262
18994,1,1,QFX1006,5,4.4627,28.1714,87.3551,0.9301
18994,1,1,QFX1006,6,4.5798,28.13,87.634,0.9219
18994,1,1,QFX1006,7,4.325,28.1495,89.7917,0.9244
18994,1,1,QFX1006,8,3.8767,28.2176,88.526,0.9297
18994,1,1,QFX1006,9,4.7356,28.1365,87.7713,0.9241
18994,1,1,QFX1006,10,4.9956,28.1475,87.5268,0.9257
18994,1,1,QFX1006,11,5.3279,28.1749,87.2734,0.9299
18994,1,1,QFX1006,12,5.2324,28.1698,88.2157,0.9274
18994,1,1,QFX1006,13,5.2029,28.1552,87.3535,0.9275
18994,1,1,QFX1006,14,3.8929,28.2456,89.1678,0.9316
18994,1,1,QFX1006,15,4.7236,28.1378,87.2176,0.9227
18994,1,1,QFX1006,16,4.5446,28.1547,86.7129,0.9254
18994,1,1,QFX1006,17,4.3557,28.1429,87.4052,0.9255
18994,1,1,QFX1006,1,4.4374,28.1367,90.8308,0.9226
18994,1,1,QFX1006,2,4.2628,28.1511,88.3601,0.9246
18994,1,1,QFX1006,3,4.3589,28.1318,87.2035,0.9229
18994,1,1,QFX1006,4,4.6039,28.1582,87.7931,0.927
18994,1,1,QFX1006,5,4.5203,28.1674,87.3258,0.9284
18994,1,1,QFX1006,6,4.6707,28.1315,87.556,0.9214
18994,1,1,QFX1006,7,4.3913,28.1446,89.7514,0.9235
18994,1,1,QFX1006,8,3.9521,28.2233,88.5833,0.9284
18994,1,1,QFX1006,9,4.7637,28.1261,87.7943,0.9228
18994,1,1,QFX1006,10,5.0523,28.1511,87.5287,0.9242
18994,1,1,QFX1006,11,5.3908,28.175,87.2544,0.9297
18994,1,1,QFX1006,12,5.3312,28.1746,88.2038,0.9272
18994,1,1,QFX1006,13,5.2867,28.1632,87.3215,0.9276
18994,1,1,QFX1006,14,3.9509,28.248,89.1568,0.9308
18994,1,1,QFX1006,15,4.8434,28.1374,87.1955,0.9235
18994,1,1,QFX1006,16,4.6106,28.1504,86.7345,0.9246
18994,1,1,QFX1006,17,4.4527,28.153,87.446,0.9261
31020,2,1,QFX1001,1,4.8775,27.9332,90.4024,0.888
31020,2,1,QFX1001,2,4.7037,27.9321,87.8458,0.8912
31020,2,1,QFX1001,3,4.8318,27.9536,86.973,0.8939
31020,2,1,QFX1001,4,5.1065,27.9353,87.2663,0.8917
31020,2,1,QFX1001,5,4.9963,27.9427,86.6666,0.8936
31020,2,1,QFX1001,6,4.9973,27.9357,87.65,0.8897
31020,2,1,QFX1001,7,4.7887,27.949,89.1303,0.891
31020,2,1,QFX1001,8,4.2573,28.028,88.2,0.8965
31020,2,1,QFX1001,9,5.1465,27.9408,87.5917,0.8923
31020,2,1,QFX1001,10,5.4625,27.9691,87.3816,0.8952
31020,2,1,QFX1001,11,5.737,27.9604,86.8929,0.8958
31020,2,1,QFX1001,12,5.7317,27.9669,87.8337,0.8945
31020,2,1,QFX1001,13,5.6196,27.9585,86.949,0.8966
31020,2,1,QFX1001,14,4.2464,28.0236,88.5171,0.8952
31020,2,1,QFX1001,15,5.1813,27.9435,87.2044,0.8913
31020,2,1,QFX1001,16,5.0215,27.9674,86.4908,0.896
31020,2,1,QFX1001,17,4.8672,27.9447,87.1922,0.893
31020,2,2,QFX1001,1,4.8606,27.9315,90.5315,0.887
31020,2,2,QFX1001,2,4.7499,27.9449,87.9474,0.8923
31020,2,2,QFX1001,3,4.8548,27.965,86.9852,0.8953
31020,2,2,QFX1001,4,5.1255,27.941,87.2348,0.8927
31020,2,2,QFX1001,5,5.0218,27.9362,86.6698,0.892
31020,2,2,QFX1001,6,4.9502,27.9367,87.8506,0.8908
31020,2,2,QFX1001,7,4.8271,27.9443,89.2232,0.8907
31020,2,2,QFX1001,8,4.2972,28.0136,88.1984,0.8966
31020,2,2,QFX1001,9,5.2089,27.9558,87.5123,0.894
31020,2,2,QFX1001,10,5.4613,27.9629,87.4263,0.8955
31020,2,2,QFX1001,11,5.6937,27.9658,87.0205,0.8953
31020,2,2,QFX1001,12,5.7042,27.9685,87.7337,0.8948
31020,2,2,QFX1001,13,5.6167,27.9565,87.0788,0.8953
31020,2,2,QFX1001,14,4.2888,28.0089,88.5498,0.8947
31020,2,2,QFX1001,15,5.158,27.9517,87.3143,0.8925
31020,2,2,QFX1001,16,5.0269,27.9692,86.5345,0.8955
31020,2,2,QFX1001,17,4.812,27.9565,87.213,0.893
31020,2,3,QFX1001,1,4.9524,27.9302,90.4331,0.8883
31020,2,3,QFX1001,2,4.7564,27.9431,87.976,0.8922
31020,2,3,QFX1001,3,4.8808,27.9652,87.053,0.8955
31020,2,3,QFX1001,4,5.033,27.9358,87.5369,0.8916
31020,2,3,QFX1001,5,4.9731,27.9405,86.7878,0.8925
31020,2,3,QFX1001,6,4.993,27.9426,87.7899,0.8901
31020,2,3,QFX1001,7,4.8889,27.9386,89.3319,0.8894
31020,2,3,QFX1001,8,4.3101,28.0132,88.2764,0.896
31020,2,3,QFX1001,9,5.2127,27.9491,87.6182,0.8934
31020,2,3,QFX1001,10,5.4532,27.9712,87.4685,0.8951
31020,2,3,QFX1001,11,5.6923,27.9677,87.1112,0.8961
31020,2,3,QFX1001,12,5.7047,27.9545,87.8215,0.8927
31020,2,3,QFX1001,13,5.6566,27.9516,87.0655,0.8945
31020,2,3,QFX1001,14,4.3812,28.0139,88.4982,0.8957
31020,2,3,QFX1001,15,5.172,27.949,87.2606,0.8918
31020,2,3,QFX1001,16,4.9956,27.9682,86.4981,0.8946
31020,2,3,QFX1001,17,4.8654,27.9521,87.2064,0.8927
31020,2,4,QFX1001,1,4.9328,27.9321,90.4738,0.8883
31020,2,4,QFX1001,2,4.7609,27.9464,87.98,0.8916
31020,2,4,QFX1001,3,4.8327,27.9658,87.0863,0.8954
31020,2,4,QFX1001,4,5.1202,27.9349,87.411,0.8922
31020,2,4,QFX1001,5,5.0045,27.9452,86.8106,0.8917
31020,2,4,QFX1001,6,5.0284,27.9454,87.723,0.8902
31020,2,4,QFX1001,7,4.9156,27.9454,89.2425,0.8906
31020,2,4,QFX1001,8,4.3431,28.0213,88.2731,0.8971
31020,2,4,QFX1001,9,5.1925,27.9544,87.7247,0.8926
31020,2,4,QFX1001,10,5.514,27.9724,87.5006,0.8955
31020,2,4,QFX1001,11,5.7199,27.9677,87.0548,0.8952
31020,2,4,QFX1001,12,5.741,27.9638,87.916,0.8939
31020,2,4,QFX1001,13,5.6802,27.9538,87.0237,0.8954
31020,2,4,QFX1001,14,4.3639,28.0134,88.4549,0.8956
31020,2,4,QFX1001,15,5.2249,27.9477,87.196,0.8925
31020,2,4,QFX1001,16,5.0276,27.963,86.4799,0.8944
31020,2,4,QFX1001,17,4.8905,27.9502,87.2895,0.8936
31020,2,5,QFX1001,1,4.9085,27.9411,90.5834,0.888
31020,2,5,QFX1001,2,4.7716,27.9501,88.0331,0.8918
31020,2,5,QFX1001,3,4.8963,27.9575,87.0613,0.8938
31020,2,5,QFX1001,4,5.1354,27.9293,87.4289,0.8909
31020,2,5,QFX1001,5,5.0353,27.95,86.8058,0.8934
31020,2,5,QFX1001,6,5.0482,27.9443,87.7894,0.8908
31020,2,5,QFX1001,7,4.8967,27.9457,89.3531,0.8909
31020,2,5,QFX1001,8,4.3331,28.0346,88.2524,0.8963
31020,2,5,QFX1001,9,5.2473,27.9556,87.6989,0.893
31020,2,5,QFX1001,10,5.4932,27.9756,87.4766,0.8958
31020,2,5,QFX1001,11,5.773,27.9658,87.0189,0.8942
31020,2,5,QFX1001,12,5.7628,27.9639,87.8788,0.8936
31020,2,5,QFX1001,13,5.7285,27.949,87.0677,0.8952
31020,2,5,QFX1001,14,4.3713,28.0168,88.4218,0.8956
31020,2,5,QFX1001,15,5.1863,27.9565,87.2974,0.8919
31020,2,5,QFX1001,16,5.065,27.9678,86.5154,0.8936
31020,2,5,QFX1001,17,4.9287,27.9453,87.17,0.8933
37175,2,1,QFX1002,1,5.1819,28.3732,89.4643,0.9126
37175,2,1,QFX1002,2,4.9743,28.411,87.3517,0.9178
37175,2,1,QFX1002,3,5.0935,28.3983,86.2565,0.9153
37175,2,1,QFX1002,4,5.3273,28.4015,86.6372,0.9146
37175,2,1,QFX1002,5,5.1785,28.4015,86.2846,0.9189
37175,2,1,QFX1002,6,5.2722,28.3987,86.9863,0.9183
37175,2,1,QFX1002,7,5.0701,28.391,88.3,0.9114
37175,2,1,QFX1002,8,4.4875,28.4905,87.5594,0.9198
37175,2,1,QFX1002,9,5.3319,28.4157,87.0721,0.9192
37175,2,1,QFX1002,10,5.6881,28.4215,86.5686,0.917
37175,2,1,QFX1002,11,6.0075,28.4181,85.9592,0.9145
37175,2,1,QFX1002,12,5.8822,28.423,87.259,0.9173
37175,2,1,QFX1002,13,5.879,28.4133,86.5581,0.9193
37175,2,1,QFX1002,14,4.5517,28.4854,88.0568,0.92
37175,2,1,QFX1002,15,5.4933,28.4122,86.4663,0.9182
37175,2,1,QFX1002,16,5.2136,28.4182,85.8969,0.9173
37175,2,1,QFX1002,17,5.089,28.4147,86.5207,0.9159
37175,2,2,QFX1002,1,5.2475,28.3835,89.51,0.9136
37175,2,2,QFX1002,2,5.0486,28.4106,87.415,0.9182
37175,2,2,QFX1002,3,5.1646,28.4072,86.3205,0.9166
37175,2,2,QFX1002,4,5.3852,28.4035,86.6383,0.9152
37175,2,2,QFX1002,5,5.2745,28.3996,86.3648,0.9193
37175,2,2,QFX1002,6,5.3131,28.3989,87.0361,0.9192
37175,2,2,QFX1002,7,5.1537,28.3882,88.3825,0.9118
37175,2,2,QFX1002,8,4.5267,28.4856,87.5985,0.9192
37175,2,2,QFX1002,9,5.4116,28.4138,87.1026,0.92
37175,2,2,QFX1002,10,5.7596,28.418,86.6585,0.9166
37175,2,2,QFX1002,11,6.0906,28.422,85.9772,0.9147
37175,2,2,QFX1002,12,5.9543,28.4281,87.249,0.9169
37175,2,2,QFX1002,13,5.9629,28.4147,86.4866,0.9193
37175,2,2,QFX1002,14,4.6144,28.4793,88.0689,0.9199
37175,2,2,QFX1002,15,5.5814,28.4069,86.4638,0.9179
37175,2,2,QFX1002,16,5.273,28.4245,85.9266,0.918
37175,2,2,QFX1002,17,5.1519,28.4193,86.609,0.9176
37175,2,3,QFX1002,1,5.3463,28.3819,89.5002,0.9133
37175,2,3,QFX1002,2,5.096,28.4102,87.4542,0.9185
37175,2,3,QFX1002,3,5.2178,28.4095,86.3476,0.916
37175,2,3,QFX1002,4,5.4931,28.3974,86.6423,0.9151
37175,2,3,QFX1002,5,5.331,28.4018,86.3441,0.9191
37175,2,3,QFX1002,6,5.4061,28.4031,86.9929,0.9189
37175,2,3,QFX1002,7,5.2018,28.3968,88.3638,0.9118
37175,2,3,QFX1002,8,4.5582,28.4949,87.6108,0.9209
37175,2,3,QFX1002,9,5.4582,28.4108,87.1475,0.9194
37175,2,3,QFX1002,10,5.8016,28.4323,86.6742,0.9166
37175,2,3,QFX1002,11,6.0922,28.4197,85.9724,0.9141
37175,2,3,QFX1002,12,6.0102,28.4286,87.2222,0.9163
37175,2,3,QFX1002,13,6.0104,28.4043,86.4432,0.9188
37175,2,3,QFX1002,14,4.6535,28.4807,88.0199,0.9193
37175,2,3,QFX1002,15,5.625,28.4002,86.4998,0.9187
37175,2,3,QFX1002,16,5.3297,28.4221,85.9603,0.918
37175,2,3,QFX1002,17,5.2212,28.4163,86.5862,0.9187
37175,2,4,QFX1002,1,5.4044,28.3861,89.4974,0.9134
37175,2,4,QFX1002,2,5.1655,28.4127,87.4441,0.9179
37175,2,4,QFX1002,3,5.2751,28.4044,86.3238,0.9158
37175,2,4,QFX1002,4,5.5263,28.4037,86.6831,0.9156
37175,2,4,QFX1002,5,5.3847,28.4044,86.3104,0.9195
37175,2,4,QFX1002,6,5.4692,28.4058,87.0175,0.9192
37175,2,4,QFX1002,7,5.2585,28.3947,88.3388,0.9118
37175,2,4,QFX1002,8,4.6355,28.4895,87.6177,0.9212
37175,2,4,QFX1002,9,5.5063,28.4185,87.1723,0.9196
37175,2,4,QFX1002,10,5.8584,28.4253,86.6554,0.9173
37175,2,4,QFX1002,11,6.2104,28.4263,85.965,0.9142
37175,2,4,QFX1002,12,6.0458,28.4254,87.2637,0.9173
37175,2,4,QFX1002,13,6.0661,28.4143,86.5012,0.9197
37175,2,4,QFX1002,14,4.7303,28.4833,88.047,0.9195
37175,2,4,QFX1002,15,5.7018,28.4125,86.4992,0.9183
37175,2,4,QFX1002,16,5.3926,28.4232,85.9321,0.9167
37175,2,4,QFX1002,17,5.2551,28.4201,86.561,0.918
37175,2,5,QFX1002,1,5.5034,28.3873,89.5209,0.9131
37175,2,5,QFX1002,2,5.219,28.4131,87.4683,0.918
37175,2,5,QFX1002,3,5.3583,28.4144,86.3712,0.9162
37175,2,5,QFX1002,4,5.5881,28.4006,86.6743,0.9148
37175,2,5,QFX1002,5,5.4693,28.4006,86.3226,0.9196
37175,2,5,QFX1002,6,5.5327,28.4071,87.0415,0.9196
37175,2,5,QFX1002,7,5.3308,28.3914,88.3386,0.9123
37175,2,5,QFX1002,8,4.6634,28.487,87.6183,0.9203
37175,2,5,QFX1002,9,5.5473,28.4223,87.1603,0.9203
37175,2,5,QFX1002,10,5.8937,28.4251,86.6911,0.9174
37175,2,5,QFX1002,11,6.2548,28.4246,86.0145,0.9145
37175,2,5,QFX1002,12,6.1091,28.4334,87.2882,0.9169
37175,2,5,QFX1002,13,6.1024,28.4166,86.5607,0.9188
37175,2,5,QFX1002,14,4.7657,28.4918,88.0892,0.9192
37175,2,5,QFX1002,15,5.7516,28.4098,86.5425,0.9185
37175,2,5,QFX1002,16,5.454,28.4268,85.9507,0.9181
37175,2,5,QFX1002,17,5.347,28.4147,86.5607,0.9176
34318,2,1,QFX1003,1,5.1042,28.0328,90.5455,0.9239
34318,2,1,QFX1003,2,4.8874,28.0237,88.2311,0.9265
34318,2,1,QFX1003,3,5.0175,28.0531,87.1499,0.9264
34318,2,1,QFX1003,4,5.2908,28.016,87.0952,0.9236
34318,2,1,QFX1003,5,5.172,28.0195,86.7924,0.927
34318,2,1,QFX1003,6,5.2216,28.0243,87.6795,0.927
34318,2,1,QFX1003,7,5.0578,28.0219,89.2142,0.9229
34318,2,1,QFX1003,8,4.4249,28.097,88.3406,0.93
34318,2,1,QFX1003,9,5.318,28.0265,87.857,0.9281
34318,2,1,QFX1003,10,5.6535,28.0536,87.4034,0.9295
34318,2,1,QFX1003,11,5.9811,28.0257,86.589,0.9246
34318,2,1,QFX1003,12,5.8421,28.0487,87.8544,0.9273
34318,2,1,QFX1003,13,5.8494,28.0249,87.0027,0.9276
34318,2,1,QFX1003,14,4.4411,28.1083,88.7908,0.9294
34318,2,1,QFX1003,15,5.4067,28.0213,87.3073,0.9275
34318,2,1,QFX1003,16,5.1391,28.0489,86.9717,0.9308
34318,2,1,QFX1003,17,4.9951,28.0338,87.3927,0.9281
34318,2,2,QFX1003,1,5.1164,28.0239,90.6335,0.9237
34318,2,2,QFX1003,2,4.8915,28.0253,88.2426,0.9258
34318,2,2,QFX1003,3,5.0358,28.0689,87.1699,0.927
34318,2,2,QFX1003,4,5.2847,28.0193,87.1079,0.9239
34318,2,2,QFX1003,5,5.1864,28.0307,86.7913,0.928
34318,2,2,QFX1003,6,5.2382,28.0092,87.6452,0.9261
34318,2,2,QFX1003,7,5.0485,28.0253,89.2716,0.9237
34318,2,2,QFX1003,8,4.4437,28.1044,88.38,0.9307
34318,2,2,QFX1003,9,5.3208,28.0432,87.8492,0.9283
34318,2,2,QFX1003,10,5.6631,28.0564,87.3567,0.9295
34318,2,2,QFX1003,11,5.9783,28.0225,86.5435,0.9261
34318,2,2,QFX1003,12,5.8642,28.0476,87.8673,0.9267
34318,2,2,QFX1003,13,5.8469,28.0214,86.992,0.9269
34318,2,2,QFX1003,14,4.4795,28.1067,88.7762,0.9299
34318,2,2,QFX1003,15,5.4167,28.0276,87.2391,0.9271
34318,2,2,QFX1003,16,5.1585,28.0584,86.916,0.9301
34318,2,2,QFX1003,17,4.9978,28.0312,87.3455,0.9274
34318,2,3,QFX1003,1,5.1526,28.0232,90.5632,0.9233
34318,2,3,QFX1003,2,4.9377,28.0243,88.1725,0.9254
34318,2,3,QFX1003,3,5.0463,28.0427,87.1809,0.9285
34318,2,3,QFX1003,4,5.332,28.0139,87.0982,0.9242
34318,2,3,QFX1003,5,5.2076,28.018,86.7429,0.9253
34318,2,3,QFX1003,6,5.2322,28.0123,87.6399,0.9258
34318,2,3,QFX1003,7,5.056,28.0187,89.2389,0.924
34318,2,3,QFX1003,8,4.4819,28.1188,88.3598,0.931
34318,2,3,QFX1003,9,5.366,28.038,87.8905,0.9283
34318,2,3,QFX1003,10,5.7063,28.0676,87.3679,0.929
34318,2,3,QFX1003,11,6.0235,28.0305,86.6061,0.9262
34318,2,3,QFX1003,12,5.922,28.0446,87.8742,0.9278
34318,2,3,QFX1003,13,5.9074,28.0318,87.0203,0.9283
34318,2,3,QFX1003,14,4.5001,28.1045,88.7731,0.9299
34318,2,3,QFX1003,15,5.446,28.024,87.2528,0.9269
34318,2,3,QFX1003,16,5.1971,28.0671,86.9277,0.9282
34318,2,3,QFX1003,17,5.0306,28.0332,87.3703,0.9276
34318,2,4,QFX1003,1,5.1602,28.0275,90.614,0.9235
34318,2,4,QFX1003,2,4.9766,28.0316,88.3003,0.9263
34318,2,4,QFX1003,3,5.0588,28.0646,87.2017,0.9271
34318,2,4,QFX1003,4,5.3729,28.0204,87.1157,0.9244
34318,2,4,QFX1003,5,5.2415,28.0204,86.7958,0.9263
34318,2,4,QFX1003,6,5.282,28.0125,87.6437,0.9262
34318,2,4,QFX1003,7,5.07,28.0175,89.2552,0.9231
34318,2,4,QFX1003,8,4.511,28.1046,88.4346,0.9307
34318,2,4,QFX1003,9,5.3793,28.0426,87.8915,0.9281
34318,2,4,QFX1003,10,5.7108,28.0611,87.4177,0.9299
34318,2,4,QFX1003,11,6.0261,28.0316,86.6004,0.9266
34318,2,4,QFX1003,12,5.9285,28.041,87.8389,0.9278
34318,2,4,QFX1003,13,5.9092,28.0179,86.9097,0.9271
34318,2,4,QFX1003,14,4.5398,28.1041,88.7972,0.9302
34318,2,4,QFX1003,15,5.4743,28.0365,87.2771,0.9282
34318,2,4,QFX1003,16,5.2046,28.0586,86.9251,0.9287
34318,2,4,QFX1003,17,5.0456,28.0352,87.4223,0.9269
34318,2,5,QFX1003,1,5.2111,28.0296,90.6095,0.9239
34318,2,5,QFX1003,2,4.9694,28.0279,88.2709,0.9255
34318,2,5,QFX1003,3,5.0863,28.0388,87.1657,0.9276
34318,2,5,QFX1003,4,5.3924,28.0244,87.1139,0.9256
34318,2,5,QFX1003,5,5.2682,28.0341,86.7642,0.9257
34318,2,5,QFX1003,6,5.3205,28.0134,87.6504,0.9257
34318,2,5,QFX1003,7,5.1266,28.0331,89.2443,0.9237
34318,2,5,QFX1003,8,4.5462,28.1187,88.3811,0.931
34318,2,5,QFX1003,9,5.4078,28.0392,87.9412,0.9284
34318,2,5,QFX1003,10,5.7272,28.0575,87.4595,0.9305
34318,2,5,QFX1003,11,6.0711,28.0354,86.5565,0.9261
34318,2,5,QFX1003,12,5.9536,28.0448,87.8436,0.9273
34318,2,5,QFX1003,13,5.9807,28.0329,87.0178,0.9288
34318,2,5,QFX1003,14,4.5956,28.1053,88.7135,0.9305
34318,2,5,QFX1003,15,5.5147,28.0239,87.2745,0.9269
34318,2,5,QFX1003,16,5.2343,28.0545,86.9921,0.9294
34318,2,5,QFX1003,17,5.1026,28.0379,87.3977,0.9278
39858,2,1,QFX1006,1,5.5416,28.133,90.5185,0.9227
39858,2,1,QFX1006,2,5.3573,28.1523,88.1074,0.9263
39858,2,1,QFX1006,3,5.4345,28.1334,87.0008,0.9237
39858,2,1,QFX1006,4,5.7036,28.1519,87.501,0.9272
39858,2,1,QFX1006,5,5.5989,28.1644,87.0924,0.9292
39858,2,1,QFX1006,6,5.7025,28.1218,87.236,0.9217
39858,2,1,QFX1006,7,5.3489,28.1533,89.5226,0.9249
39858,2,1,QFX1006,8,4.7576,28.2137,88.1637,0.928
39858,2,1,QFX1006,9,5.6956,28.1364,87.5157,0.9249
39858,2,1,QFX1006,10,5.9639,28.1478,87.382,0.9266
39858,2,1,QFX1006,11,6.2668,28.1603,87.0287,0.9281
39858,2,1,QFX1006,12,6.187,28.1898,88.123,0.9299
39858,2,1,QFX1006,13,6.1905,28.1796,87.3441,0.9304
39858,2,1,QFX1006,14,4.8292,28.2546,88.9652,0.932
39858,2,1,QFX1006,15,5.9355,28.1277,86.9463,0.9234
39858,2,1,QFX1006,16,5.555,28.1553,86.7096,0.9277
39858,2,1,QFX1006,17,5.4178,28.1286,87.2167,0.9241
39858,2,1,QFX1006,1,5.5801,28.1341,90.5619,0.9218
39858,2,1,QFX1006,2,5.3899,28.1412,88.089,0.925
39858,2,1,QFX1006,3,5.4675,28.1317,87.0086,0.9246
39858,2,1,QFX1006,4,5.7158,28.1541,87.5135,0.9257
39858,2,1,QFX1006,5,5.6617,28.17,87.0177,0.9288
39858,2,1,QFX1006,6,5.7634,28.1275,87.3317,0.9213
39858,2,1,QFX1006,7,5.4001,28.1519,89.583,0.9243
39858,2,1,QFX1006,8,4.7889,28.214,88.2031,0.928
39858,2,1,QFX1006,9,5.7268,28.1496,87.6168,0.925
39858,2,1,QFX1006,10,5.9893,28.1558,87.3941,0.9271
39858,2,1,QFX1006,11,6.286,28.1658,87.0375,0.9297
39858,2,1,QFX1006,12,6.2249,28.1931,88.1188,0.9289
39858,2,1,QFX1006,13,6.2207,28.1849,87.3801,0.931
39858,2,1,QFX1006,14,4.8542,28.256,88.9563,0.9323
39858,2,1,QFX1006,15,5.9648,28.1279,86.9099,0.9228
39858,2,1,QFX1006,16,5.5515,28.1562,86.6955,0.9271
39858,2,1,QFX1006,17,5.476,28.1485,87.2712,0.9262
39858,2,1,QFX1006,1,5.6187,28.1236,90.5162,0.922
39858,2,1,QFX1006,2,5.4391,28.1473,88.1262,0.9247
39858,2,1,QFX1006,3,5.5233,28.1245,86.9595,0.9226
39858,2,1,QFX1006,4,5.7585,28.1314,87.3965,0.9235
39858,2,1,QFX1006,5,5.6814,28.1577,86.9557,0.9286
39858,2,1,QFX1006,6,5.7938,28.1113,87.2198,0.9197
39858,2,1,QFX1006,7,5.3992,28.142,89.5355,0.9234
39858,2,1,QFX1006,8,4.793,28.2089,88.1949,0.9276
39858,2,1,QFX1006,9,5.7634,28.1314,87.5819,0.9242
39858,2,1,QFX1006,10,6.0371,28.1444,87.3516,0.9264
39858,2,1,QFX1006,11,6.3102,28.1525,86.9858,0.9285
39858,2,1,QFX1006,12,6.2395,28.1711,88.0474,0.9273
39858,2,1,QFX1006,13,6.2833,28.1761,87.2855,0.93
39858,2,1,QFX1006,14,4.9309,28.2505,88.8825,0.931
39858,2,1,QFX1006,15,6.0046,28.1193,86.8373,0.9211
39858,2,1,QFX1006,16,5.5748,28.1515,86.6764,0.9271
39858,2,1,QFX1006,17,5.5076,28.1424,87.1939,0.9245
39858,2,1,QFX1006,1,5.6562,28.1261,90.4943,0.921
39858,2,1,QFX1006,2,5.4906,28.1382,88.1441,0.9252
39858,2,1,QFX1006,3,5.6055,28.1328,87.0138,0.9241
39858,2,1,QFX1006,4,5.8192,28.1365,87.4317,0.9246
39858,2,1,QFX1006,5,5.7315,28.1483,86.9541,0.9281
39858,2,1,QFX1006,6,5.8454,28.1122,87.2509,0.9204
39858,2,1,QFX1006,7,5.443,28.1518,89.5789,0.9253
39858,2,1,QFX1006,8,4.8241,28.2086,88.1974,0.9287
39858,2,1,QFX1006,9,5.7803,28.132,87.5413,0.9244
39858,2,1,QFX1006,10,6.0774,28.1472,87.3799,0.926
39858,2,1,QFX1006,11,6.3902,28.1502,86.9442,0.9286
39858,2,1,QFX1006,12,6.2886,28.1731,88.0655,0.9275
39858,2,1,QFX1006,13,6.337,28.1733,87.2658,0.9304
39858,2,1,QFX1006,14,4.9602,28.247,88.8608,0.9315
39858,2,1,QFX1006,15,6.057,28.128,86.8591,0.9216
39858,2,1,QFX1006,16,5.6446,28.1546,86.6829,0.9263
39858,2,1,QFX1006,17,5.5501,28.1377,87.1797,0.9254
39858,2,1,QFX1006,1,5.733,28.1347,90.5715,0.9231
39858,2,1,QFX1006,2,5.5239,28.1545,88.176,0.9269
39858,2,1,QFX1006,3,5.6231,28.1396,87.0783,0.925
39858,2,1,QFX1006,4,5.8869,28.1567,87.5331,0.9258
39858,2,1,QFX1006,5,5.8069,28.1601,87.0841,0.9296
39858,2,1,QFX1006,6,5.8873,28.1261,87.3123,0.9211
39858,2,1,QFX1006,7,5.526,28.163,89.6227,0.9254
39858,2,1,QFX1006,8,4.8619,28.2256,88.3671,0.931
39858,2,1,QFX1006,9,5.8497,28.1435,87.6408,0.9254
39858,2,1,QFX1006,10,6.1228,28.1533,87.4439,0.9275
39858,2,1,QFX1006,11,6.4223,28.1578,87.0388,0.9283
39858,2,1,QFX1006,12,6.3361,28.1848,88.1106,0.9285
39858,2,1,QFX1006,13,6.3672,28.1753,87.2823,0.9298
39858,2,1,QFX1006,14,4.9993,28.2536,88.904,0.9328
39858,2,1,QFX1006,15,6.1288,28.1365,86.8746,0.9232
39858,2,1,QFX1006,16,5.6888,28.1644,86.7059,0.928
39858,2,1,QFX1006,17,5.5963,28.1469,87.227,0.9262
53998,3,1,QFX1001,1,6.063,27.9308,90.1249,0.8863
53998,3,1,QFX1001,2,5.921,27.9304,87.5722,0.89
53998,3,1,QFX1001,3,6.0127,27.9589,86.583,0.8929
53998,3,1,QFX1001,4,6.2308,27.9363,87.0652,0.8905
53998,3,1,QFX1001,5,6.1301,27.9264,86.5211,0.8911
53998,3,1,QFX1001,6,6.0797,27.9298,87.3542,0.8875
53998,3,1,QFX1001,7,5.8431,27.9403,88.8927,0.8884
53998,3,1,QFX1001,8,5.1698,28.017,87.9569,0.8942
53998,3,1,QFX1001,9,6.0919,27.9543,87.3788,0.8924
53998,3,1,QFX1001,10,6.442,27.9744,87.1144,0.8945
53998,3,1,QFX1001,11,6.6555,27.9696,86.7074,0.8946
53998,3,1,QFX1001,12,6.596,27.9621,87.6543,0.8922
53998,3,1,QFX1001,13,6.6512,27.9438,86.6527,0.8945
53998,3,1,QFX1001,14,5.3617,28.0079,88.1159,0.8933
53998,3,1,QFX1001,15,6.3454,27.9434,86.9638,0.8908
53998,3,1,QFX1001,16,6.0104,27.9531,86.2276,0.8924
53998,3,1,QFX1001,17,5.9715,27.9331,86.8963,0.8902
53998,3,2,QFX1001,1,6.1519,27.9263,90.0644,0.8858
53998,3,2,QFX1001,2,5.9259,27.944,87.6335,0.8905
53998,3,2,QFX1001,3,6.0453,27.9585,86.7362,0.8937
53998,3,2,QFX1001,4,6.2836,27.9266,87.0894,0.8891
53998,3,2,QFX1001,5,6.1519,27.9236,86.5601,0.89
53998,3,2,QFX1001,6,6.112,27.9235,87.5551,0.8858
53998,3,2,QFX1001,7,5.8472,27.9372,88.9502,0.8876
53998,3,2,QFX1001,8,5.2518,28.0094,88.0161,0.8955
53998,3,2,QFX1001,9,6.1442,27.9538,87.433,0.8907
53998,3,2,QFX1001,10,6.4702,27.9773,87.1728,0.8947
53998,3,2,QFX1001,11,6.7255,27.9707,86.6602,0.8955
53998,3,2,QFX1001,12,6.6497,27.9574,87.6781,0.8908
53998,3,2,QFX1001,13,6.6907,27.9423,86.6928,0.8932
53998,3,2,QFX1001,14,5.3663,28.0038,88.2686,0.8943
53998,3,2,QFX1001,15,6.327,27.9351,86.942,0.8882
53998,3,2,QFX1001,16,6.0265,27.9588,86.2049,0.8919
53998,3,2,QFX1001,17,5.9293,27.9339,86.7973,0.8896
53998,3,3,QFX1001,1,6.1237,27.9417,90.2269,0.888
53998,3,3,QFX1001,2,5.9534,27.9311,87.6477,0.8902
53998,3,3,QFX1001,3,6.0353,27.9575,86.8107,0.8933
53998,3,3,QFX1001,4,6.3007,27.9386,87.123,0.8898
53998,3,3,QFX1001,5,6.2386,27.9335,86.4954,0.891
53998,3,3,QFX1001,6,6.1424,27.9371,87.4937,0.8879
53998,3,3,QFX1001,7,5.8965,27.9369,89,0.888
53998,3,3,QFX1001,8,5.1868,28.0126,87.9242,0.8935
53998,3,3,QFX1001,9,6.1461,27.948,87.4508,0.8906
53998,3,3,QFX1001,10,6.4711,27.9779,87.1779,0.8943
53998,3,3,QFX1001,11,6.675,27.9662,86.673,0.8941
53998,3,3,QFX1001,12,6.6107,27.9639,87.643,0.8936
53998,3,3,QFX1001,13,6.6618,27.9384,86.7621,0.892
53998,3,3,QFX1001,14,5.3553,28.0051,88.2805,0.8928
53998,3,3,QFX1001,15,6.4265,27.937,86.9783,0.8894
53998,3,3,QFX1001,16,6.0903,27.9563,86.2278,0.8933
53998,3,3,QFX1001,17,5.9504,27.9417,86.8879,0.8907
53998,3,4,QFX1001,1,6.1556,27.9206,90.1895,0.886
53998,3,4,QFX1001,2,5.9652,27.9362,87.6528,0.8901
53998,3,4,QFX1001,3,6.0649,27.9562,86.7421,0.8933
53998,3,4,QFX1001,4,6.3379,27.9378,87.1656,0.891
53998,3,4,QFX1001,5,6.1716,27.9296,86.5173,0.8895
53998,3,4,QFX1001,6,6.1704,27.9268,87.502,0.887
53998,3,4,QFX1001,7,5.9078,27.9371,89.0605,0.8895
53998,3,4,QFX1001,8,5.2436,28.0064,87.9402,0.8928
53998,3,4,QFX1001,9,6.2042,27.9482,87.5182,0.8921
53998,3,4,QFX1001,10,6.4618,27.9749,87.1804,0.8938
53998,3,4,QFX1001,11,6.7023,27.9674,86.7386,0.8937
53998,3,4,QFX1001,12,6.6321,27.9567,87.7552,0.8914
53998,3,4,QFX1001,13,6.6893,27.9472,86.8433,0.8929
53998,3,4,QFX1001,14,5.3767,27.9946,88.3507,0.8917
53998,3,4,QFX1001,15,6.423,27.9384,86.9731,0.8892
53998,3,4,QFX1001,16,6.0631,27.951,86.2724,0.8923
53998,3,4,QFX1001,17,6.0059,27.9494,86.8792,0.8914
53998,3,5,QFX1001,1,6.1936,27.9324,90.315,0.8872
53998,3,5,QFX1001,2,5.9996,27.9368,87.6721,0.8888
53998,3,5,QFX1001,3,6.1517,27.9618,86.7941,0.8941
53998,3,5,QFX1001,4,6.3122,27.9186,87.0949,0.888
53998,3,5,QFX1001,5,6.171,27.9282,86.5885,0.8894
53998,3,5,QFX1001,6,6.2083,27.9439,87.4519,0.8888
53998,3,5,QFX1001,7,5.9427,27.9373,89.0112,0.8884
53998,3,5,QFX1001,8,5.2796,28.0221,87.978,0.8944
53998,3,5,QFX1001,9,6.1644,27.9559,87.5291,0.8924
53998,3,5,QFX1001,10,6.5456,27.9808,87.1714,0.8949
53998,3,5,QFX1001,11,6.7407,27.9598,86.7664,0.8938
53998,3,5,QFX1001,12,6.7041,27.9574,87.7793,0.8922
53998,3,5,QFX1001,13,6.7285,27.9397,86.793,0.8939
53998,3,5,QFX1001,14,5.3918,28.0038,88.322,0.8915
53998,3,5,QFX1001,15,6.3933,27.9411,87.0027,0.8892
53998,3,5,QFX1001,16,6.087,27.9614,86.261,0.8933
53998,3,5,QFX1001,17,6.0123,27.9504,86.9431,0.8922
57172,3,1,QFX1002,1,6.2852,28.3813,89.14,0.9128
57172,3,1,QFX1002,2,6.0709,28.4086,87.1078,0.9171
57172,3,1,QFX1002,3,6.1884,28.4045,85.922,0.9144
57172,3,1,QFX1002,4,6.4083,28.3959,86.335,0.914
57172,3,1,QFX1002,5,6.2236,28.3892,85.9164,0.9174
57172,3,1,QFX1002,6,6.2766,28.3977,86.661,0.9185
57172,3,1,QFX1002,7,6.0445,28.391,88.0136,0.9108
57172,3,1,QFX1002,8,5.3079,28.4837,87.3015,0.9188
57172,3,1,QFX1002,9,6.2246,28.4156,86.8532,0.9194
57172,3,1,QFX1002,10,6.5786,28.4319,86.3434,0.9159
57172,3,1,QFX1002,11,6.8809,28.4124,85.6334,0.9129
57172,3,1,QFX1002,12,6.7189,28.4253,86.9426,0.9156
57172,3,1,QFX1002,13,6.7824,28.414,86.303,0.919
57172,3,1,QFX1002,14,5.4998,28.4765,87.6832,0.9195
57172,3,1,QFX1002,15,6.5448,28.4073,86.1777,0.9169
57172,3,1,QFX1002,16,6.1174,28.4146,85.6236,0.9162
57172,3,1,QFX1002,17,6.087,28.4204,86.2617,0.917
57172,3,2,QFX1002,1,6.3281,28.3776,89.169,0.9122
57172,3,2,QFX1002,2,6.1163,28.4069,87.1372,0.917
57172,3,2,QFX1002,3,6.2115,28.408,85.947,0.9146
57172,3,2,QFX1002,4,6.4676,28.3981,86.2692,0.9139
57172,3,2,QFX1002,5,6.2953,28.3941,85.9886,0.9177
57172,3,2,QFX1002,6,6.3403,28.3945,86.6967,0.9177
57172,3,2,QFX1002,7,6.0893,28.39,88.0289,0.91
57172,3,2,QFX1002,8,5.3466,28.4896,87.3104,0.9193
57172,3,2,QFX1002,9,6.2692,28.4181,86.9184,0.9194
57172,3,2,QFX1002,10,6.6445,28.4282,86.3217,0.9157
57172,3,2,QFX1002,11,6.9187,28.4202,85.6898,0.9125
57172,3,2,QFX1002,12,6.8136,28.4248,86.9505,0.9161
57172,3,2,QFX1002,13,6.8284,28.4154,86.2447,0.9195
57172,3,2,QFX1002,14,5.5346,28.4775,87.6939,0.9191
57172,3,2,QFX1002,15,6.6091,28.4047,86.1832,0.9162
57172,3,2,QFX1002,16,6.1622,28.4173,85.6517,0.9169
57172,3,2,QFX1002,17,6.1309,28.4078,86.2488,0.9177
57172,3,3,QFX1002,1,6.375,28.3828,89.2125,0.9128
57172,3,3,QFX1002,2,6.1447,28.4098,87.1534,0.9174
57172,3,3,QFX1002,3,6.2566,28.4081,86.0481,0.9149
57172,3,3,QFX1002,4,6.4929,28.3985,86.3542,0.9141
57172,3,3,QFX1002,5,6.354,28.3985,85.9886,0.9185
57172,3,3,QFX1002,6,6.3885,28.4008,86.7271,0.918
57172,3,3,QFX1002,7,6.1207,28.3905,88.0729,0.9117
57172,3,3,QFX1002,8,5.377,28.4936,87.3578,0.9204
57172,3,3,QFX1002,9,6.3282,28.4152,86.8983,0.9191
57172,3,3,QFX1002,10,6.6616,28.4262,86.4234,0.9167
57172,3,3,QFX1002,11,6.9687,28.4193,85.7293,0.9135
57172,3,3,QFX1002,12,6.8502,28.4296,86.9874,0.9158
57172,3,3,QFX1002,13,6.8651,28.41,86.2589,0.9185
57172,3,3,QFX1002,14,5.5706,28.4794,87.7318,0.9198
57172,3,3,QFX1002,15,6.6497,28.4079,86.139,0.917
57172,3,3,QFX1002,16,6.1969,28.4236,85.6751,0.9171
57172,3,3,QFX1002,17,6.1573,28.4167,86.3186,0.918
57172,3,4,QFX1002,1,6.4329,28.3823,89.2043,0.9122
57172,3,4,QFX1002,2,6.2011,28.4099,87.168,0.9173
57172,3,4,QFX1002,3,6.3037,28.4051,86.0609,0.9159
57172,3,4,QFX1002,4,6.556,28.4072,86.3939,0.9147
57172,3,4,QFX1002,5,6.4006,28.3961,86.0121,0.9184
57172,3,4,QFX1002,6,6.4182,28.395,86.7243,0.9181
57172,3,4,QFX1002,7,6.1483,28.3966,88.0828,0.9119
57172,3,4,QFX1002,8,5.4078,28.4888,87.3584,0.9208
57172,3,4,QFX1002,9,6.3213,28.4175,86.8847,0.9205
57172,3,4,QFX1002,10,6.7181,28.4297,86.4172,0.9162
57172,3,4,QFX1002,11,7.0155,28.4228,85.7559,0.9149
57172,3,4,QFX1002,12,6.8811,28.4296,86.9994,0.916
57172,3,4,QFX1002,13,6.8966,28.4093,86.2526,0.9182
57172,3,4,QFX1002,14,5.6048,28.4772,87.6818,0.9196
57172,3,4,QFX1002,15,6.6777,28.4072,86.1796,0.9175
57172,3,4,QFX1002,16,6.231,28.4197,85.6705,0.9171
57172,3,4,QFX1002,17,6.202,28.4197,86.3125,0.9182
57172,3,5,QFX1002,1,6.487,28.3822,89.2332,0.9139
57172,3,5,QFX1002,2,6.2352,28.4066,87.1942,0.918
57172,3,5,QFX1002,3,6.3535,28.4172,86.0816,0.9165
57172,3,5,QFX1002,4,6.575,28.4079,86.4061,0.9149
57172,3,5,QFX1002,5,6.4487,28.398,85.9882,0.9182
57172,3,5,QFX1002,6,6.4623,28.4,86.7216,0.9183
57172,3,5,QFX1002,7,6.2012,28.3978,88.134,0.9122
57172,3,5,QFX1002,8,5.4406,28.5008,87.4464,0.9214
57172,3,5,QFX1002,9,6.3835,28.4216,86.9577,0.9196
57172,3,5,QFX1002,10,6.7267,28.4342,86.439,0.9168
57172,3,5,QFX1002,11,7.0416,28.4243,85.782,0.9142
57172,3,5,QFX1002,12,6.9134,28.4316,87.0385,0.9167
57172,3,5,QFX1002,13,6.9408,28.4175,86.3092,0.9182
57172,3,5,QFX1002,14,5.6225,28.4817,87.7127,0.9202
57172,3,5,QFX1002,15,6.7195,28.4018,86.2258,0.917
57172,3,5,QFX1002,16,6.2605,28.4242,85.7488,0.9178
57172,3,5,QFX1002,17,6.2254,28.4212,86.3068,0.9186
51362,3,1,QFX1003,1,6.1306,28.0204,90.3197,0.9231
51362,3,1,QFX1003,2,5.9243,28.0321,87.9327,0.9252
51362,3,1,QFX1003,3,6.0437,28.0392,86.9109,0.9274
51362,3,1,QFX1003,4,6.3242,28.0161,86.8626,0.9241
51362,3,1,QFX1003,5,6.1613,28.0256,86.5276,0.9263
51362,3,1,QFX1003,6,6.1917,28.0174,87.416,0.9264
51362,3,1,QFX1003,7,5.8974,28.0146,88.966,0.9227
51362,3,1,QFX1003,8,5.2241,28.1049,88.1464,0.9311
51362,3,1,QFX1003,9,6.1518,28.0392,87.6721,0.9266
51362,3,1,QFX1003,10,6.5317,28.0567,87.166,0.9285
51362,3,1,QFX1003,11,6.8399,28.0364,86.3877,0.9266
51362,3,1,QFX1003,12,6.6944,28.0548,87.718,0.9272
51362,3,1,QFX1003,13,6.7277,28.0311,86.8226,0.9271
51362,3,1,QFX1003,14,5.3608,28.1064,88.5243,0.93
51362,3,1,QFX1003,15,6.4489,28.0294,86.9928,0.927
51362,3,1,QFX1003,16,5.9954,28.0525,86.7073,0.9283
51362,3,1,QFX1003,17,5.9331,28.0472,87.1316,0.9266
51362,3,2,QFX1003,1,6.1443,28.0259,90.341,0.922
51362,3,2,QFX1003,2,5.9032,28.0289,87.9456,0.9251
51362,3,2,QFX1003,3,6.0175,28.0435,86.9122,0.9272
51362,3,2,QFX1003,4,6.3352,28.0111,86.8486,0.9236
51362,3,2,QFX1003,5,6.1837,28.0221,86.5385,0.9271
51362,3,2,QFX1003,6,6.1999,28.011,87.3673,0.9263
51362,3,2,QFX1003,7,5.9244,28.0215,89.0182,0.9226
51362,3,2,QFX1003,8,5.2397,28.1024,88.1043,0.9297
51362,3,2,QFX1003,9,6.1811,28.0475,87.6957,0.9277
51362,3,2,QFX1003,10,6.5184,28.0553,87.2303,0.9291
51362,3,2,QFX1003,11,6.8285,28.0249,86.4233,0.9262
51362,3,2,QFX1003,12,6.6902,28.0556,87.7259,0.9271
51362,3,2,QFX1003,13,6.7341,28.0269,86.8272,0.928
51362,3,2,QFX1003,14,5.3648,28.1067,88.5281,0.9298
51362,3,2,QFX1003,15,6.4391,28.028,87.0332,0.9256
51362,3,2,QFX1003,16,6.0279,28.0465,86.7336,0.9274
51362,3,2,QFX1003,17,5.9566,28.0389,87.1333,0.9272
51362,3,3,QFX1003,1,6.1744,28.0327,90.3375,0.9226
51362,3,3,QFX1003,2,5.9412,28.0267,88.0121,0.926
51362,3,3,QFX1003,3,6.0711,28.0434,86.9111,0.9266
51362,3,3,QFX1003,4,6.354,28.0265,86.8646,0.9243
51362,3,3,QFX1003,5,6.197,28.0199,86.6037,0.9259
51362,3,3,QFX1003,6,6.2208,28.0123,87.3944,0.9248
51362,3,3,QFX1003,7,5.9415,28.021,89.0377,0.9224
51362,3,3,QFX1003,8,5.244,28.1099,88.1534,0.9312
51362,3,3,QFX1003,9,6.1646,28.0454,87.6883,0.9273
51362,3,3,QFX1003,10,6.519,28.053,87.2068,0.929
51362,3,3,QFX1003,11,6.8529,28.0331,86.4113,0.9259
51362,3,3,QFX1003,12,6.7169,28.0556,87.682,0.9273
51362,3,3,QFX1003,13,6.7355,28.0286,86.7942,0.9273
51362,3,3,QFX1003,14,5.4141,28.1115,88.5414,0.9301
51362,3,3,QFX1003,15,6.4567,28.0259,87.0226,0.9268
51362,3,3,QFX1003,16,6.0101,28.0489,86.7619,0.9282
51362,3,3,QFX1003,17,5.9484,28.0352,87.1088,0.9275
51362,3,4,QFX1003,1,6.1756,28.0189,90.4056,0.923
51362,3,4,QFX1003,2,5.9591,28.0375,88.0084,0.9253
51362,3,4,QFX1003,3,6.0894,28.0369,86.97,0.9266
51362,3,4,QFX1003,4,6.3383,28.0214,86.9037,0.9245
51362,3,4,QFX1003,5,6.2336,28.0191,86.527,0.9263
51362,3,4,QFX1003,6,6.229,28.013,87.3764,0.9254
51362,3,4,QFX1003,7,5.9501,28.0163,89.0627,0.923
51362,3,4,QFX1003,8,5.2678,28.1024,88.1489,0.9301
51362,3,4,QFX1003,9,6.1921,28.0433,87.6793,0.9281
51362,3,4,QFX1003,10,6.5453,28.0559,87.2235,0.9286
51362,3,4,QFX1003,11,6.8991,28.0397,86.4454,0.9281
51362,3,4,QFX1003,12,6.7577,28.0496,87.6881,0.9272
51362,3,4,QFX1003,13,6.7761,28.0312,86.7819,0.9277
51362,3,4,QFX1003,14,5.4354,28.1093,88.537,0.9311
51362,3,4,QFX1003,15,6.4656,28.0286,87.0867,0.9271
51362,3,4,QFX1003,16,6.0527,28.0649,86.7618,0.9286
51362,3,4,QFX1003,17,5.9802,28.03,87.1555,0.9266
51362,3,5,QFX1003,1,6.216,28.0286,90.3768,0.9225
51362,3,5,QFX1003,2,5.9629,28.0246,88.0389,0.9256
51362,3,5,QFX1003,3,6.1209,28.0553,86.9655,0.9275
51362,3,5,QFX1003,4,6.3851,28.0201,86.9382,0.9241
51362,3,5,QFX1003,5,6.239,28.0215,86.54,0.9254
51362,3,5,QFX1003,6,6.2516,28.0107,87.401,0.9254
51362,3,5,QFX1003,7,5.9611,28.022,89.0102,0.9224
51362,3,5,QFX1003,8,5.2665,28.1226,88.1926,0.931
51362,3,5,QFX1003,9,6.2035,28.0435,87.7066,0.9276
51362,3,5,QFX1003,10,6.5771,28.0695,87.2242,0.9293
51362,3,5,QFX1003,11,6.8974,28.0405,86.4042,0.9267
51362,3,5,QFX1003,12,6.7407,28.0584,87.6899,0.9283
51362,3,5,QFX1003,13,6.781,28.0369,86.7997,0.928
51362,3,5,QFX1003,14,5.444,28.103,88.5257,0.9296
51362,3,5,QFX1003,15,6.4951,28.0246,87.0243,0.9257
51362,3,5,QFX1003,16,6.0465,28.0601,86.7494,0.9292
51362,3,5,QFX1003,17,5.9825,28.0394,87.1802,0.927
59933,3,1,QFX1006,1,6.5118,28.1258,90.1079,0.9213
59933,3,1,QFX1006,2,6.3084,28.1381,87.7426,0.9248
59933,3,1,QFX1006,3,6.3966,28.1179,86.561,0.9226
59933,3,1,QFX1006,4,6.6072,28.1448,87.1286,0.9259
59933,3,1,QFX1006,5,6.5303,28.1467,86.6339,0.9263
59933,3,1,QFX1006,6,6.6019,28.1019,86.842,0.918
59933,3,1,QFX1006,7,6.1835,28.143,89.1663,0.9237
59933,3,1,QFX1006,8,5.5167,28.2089,87.8463,0.9272
59933,3,1,QFX1006,9,6.4759,28.1279,87.2773,0.9234
59933,3,1,QFX1006,10,6.7705,28.1416,87.0215,0.9259
59933,3,1,QFX1006,11,7.0393,28.145,86.6124,0.9267
59933,3,1,QFX1006,12,6.9404,28.1722,87.7492,0.9275
59933,3,1,QFX1006,13,7.0008,28.1694,86.9778,0.9294
59933,3,1,QFX1006,14,5.6815,28.2427,88.4919,0.9305
59933,3,1,QFX1006,15,6.8554,28.1282,86.5031,0.9217
59933,3,1,QFX1006,16,6.3634,28.153,86.2951,0.9262
59933,3,1,QFX1006,17,6.3428,28.1293,86.8017,0.9243
59933,3,1,QFX1006,1,6.5093,28.1271,90.1336,0.9215
59933,3,1,QFX1006,2,6.3365,28.1398,87.8078,0.925
59933,3,1,QFX1006,3,6.4222,28.13,86.7097,0.9242
59933,3,1,QFX1006,4,6.6375,28.139,87.1242,0.9242
59933,3,1,QFX1006,5,6.558,28.1486,86.6385,0.9263
59933,3,1,QFX1006,6,6.6577,28.1061,86.9045,0.9184
59933,3,1,QFX1006,7,6.1949,28.149,89.2504,0.9241
59933,3,1,QFX1006,8,5.4934,28.2166,87.8879,0.9295
59933,3,1,QFX1006,9,6.5135,28.139,87.3468,0.9248
59933,3,1,QFX1006,10,6.7842,28.1571,87.1622,0.9259
59933,3,1,QFX1006,11,7.0609,28.1548,86.6967,0.9266
59933,3,1,QFX1006,12,6.9509,28.1846,87.8033,0.9281
59933,3,1,QFX1006,13,7.0376,28.1722,86.9021,0.9301
59933,3,1,QFX1006,14,5.7016,28.2362,88.4806,0.93
59933,3,1,QFX1006,15,6.8634,28.1154,86.4893,0.9207
59933,3,1,QFX1006,16,6.3707,28.1524,86.3869,0.926
59933,3,1,QFX1006,17,6.3607,28.1388,86.9301,0.9256
59933,3,1,QFX1006,1,6.5419,28.1272,90.2437,0.9218
59933,3,1,QFX1006,2,6.3475,28.1456,87.817,0.925
59933,3,1,QFX1006,3,6.4368,28.1388,86.7566,0.9246
59933,3,1,QFX1006,4,6.6685,28.1352,87.1234,0.924
59933,3,1,QFX1006,5,6.5957,28.1514,86.6178,0.9266
59933,3,1,QFX1006,6,6.6543,28.113,86.9286,0.9188
59933,3,1,QFX1006,7,6.2133,28.139,89.2522,0.9237
59933,3,1,QFX1006,8,5.5249,28.2014,87.8694,0.9274
59933,3,1,QFX1006,9,6.5054,28.1333,87.3752,0.9247
59933,3,1,QFX1006,10,6.8129,28.1506,87.159,0.9268
59933,3,1,QFX1006,11,7.0898,28.1537,86.7068,0.9275
59933,3,1,QFX1006,12,7.0209,28.1746,87.7585,0.927
59933,3,1,QFX1006,13,7.0477,28.1633,86.903,0.9287
59933,3,1,QFX1006,14,5.718,28.2365,88.4159,0.9296
59933,3,1,QFX1006,15,6.8728,28.1155,86.5217,0.9201
59933,3,1,QFX1006,16,6.3673,28.1444,86.3785,0.9255
59933,3,1,QFX1006,17,6.3535,28.1333,86.9326,0.9242
59933,3,1,QFX1006,1,6.5915,28.1431,90.244,0.9225
59933,3,1,QFX1006,2,6.3765,28.1516,87.9259,0.9256
59933,3,1,QFX1006,3,6.4767,28.1452,86.8024,0.9254
59933,3,1,QFX1006,4,6.7079,28.1373,87.1779,0.9241
59933,3,1,QFX1006,5,6.6175,28.1435,86.5769,0.9265
59933,3,1,QFX1006,6,6.7041,28.1136,86.9516,0.9189
59933,3,1,QFX1006,7,6.2433,28.1488,89.3373,0.9246
59933,3,1,QFX1006,8,5.5563,28.2162,88.0048,0.93
59933,3,1,QFX1006,9,6.5513,28.1373,87.352,0.9248
59933,3,1,QFX1006,10,6.8275,28.1624,87.1891,0.927
59933,3,1,QFX1006,11,7.1067,28.1557,86.7443,0.9277
59933,3,1,QFX1006,12,7.0275,28.1842,87.8124,0.9288
59933,3,1,QFX1006,13,7.0777,28.1626,86.8159,0.9271
59933,3,1,QFX1006,14,5.7437,28.2312,88.4971,0.9302
59933,3,1,QFX1006,15,6.9101,28.1219,86.5248,0.9204
59933,3,1,QFX1006,16,6.4051,28.155,86.3809,0.927
59933,3,1,QFX1006,17,6.407,28.1457,86.9448,0.9257
59933,3,1,QFX1006,1,6.614,28.1308,90.2775,0.9229
59933,3,1,QFX1006,2,6.3949,28.1468,87.9244,0.9252
59933,3,1,QFX1006,3,6.4942,28.1449,86.8603,0.925
59933,3,1,QFX1006,4,6.7219,28.1446,87.1839,0.9247
59933,3,1,QFX1006,5,6.6411,28.1477,86.6367,0.9253
59933,3,1,QFX1006,6,6.7131,28.1108,86.9418,0.9183
59933,3,1,QFX1006,7,6.293,28.1522,89.3425,0.9241
59933,3,1,QFX1006,8,5.5788,28.2124,88.0038,0.9289
59933,3,1,QFX1006,9,6.5493,28.1508,87.4244,0.9254
59933,3,1,QFX1006,10,6.8354,28.1622,87.2303,0.9275
59933,3,1,QFX1006,11,7.1293,28.1591,86.7217,0.9277
59933,3,1,QFX1006,12,7.0297,28.1813,87.7996,0.9272
59933,3,1,QFX1006,13,7.1088,28.1652,86.8698,0.9274
59933,3,1,QFX1006,14,5.7861,28.2282,88.4165,0.9304
59933,3,1,QFX1006,15,6.9299,28.1126,86.5176,0.92
59933,3,1,QFX1006,16,6.4173,28.1512,86.4596,0.9263
59933,3,1,QFX1006,17,6.4158,28.1422,86.9479,0.9252
