slot,tbox,site,col_x,row_y,GOF,thickness,x,y,radius
5,TBOX4,1,-1,5,0.993,5326.63,-31.441,143.263,146.6725048
5,TBOX4,2,0,5,0.994,5256.26,-7.499,143.252,143.4481457
5,TBOX4,3,1,5,0.994,5218.98,16.447,143.246,144.1871018
5,TBOX4,4,-3,4,0.992,5461.77,-79.328,113.778,138.7024328
5,TBOX4,5,-2,4,0.994,5423.21,-55.383,113.774,126.5377405
5,TBOX4,6,-1,4,0.996,5499.7,-31.445,113.766,118.0317363
5,TBOX4,7,0,4,0.996,5496.66,-7.498,113.764,114.0108227
5,TBOX4,8,1,4,0.996,5509.18,16.446,113.765,114.94758
5,TBOX4,9,2,4,0.996,5506.37,40.387,113.757,120.7135652
5,TBOX4,10,3,4,0.994,5402.39,64.322,113.76,130.6853369
5,TBOX4,11,4,4,0.991,5500.49,88.255,113.759,143.9793565
5,TBOX4,12,-4,3,0.992,5456.15,-103.274,84.301,133.3123313
5,TBOX4,13,-2,3,0.998,5458.35,-55.386,84.282,100.8516957
5,TBOX4,14,0,3,0.998,5400.92,-7.497,84.276,84.60880087
5,TBOX4,15,2,3,0.997,5412.96,40.377,84.281,93.4536735
5,TBOX4,16,4,3,0.993,5514.66,88.259,84.284,122.0386977
5,TBOX4,17,5,3,0.988,5491.2,112.204,84.28,140.3312368
5,TBOX4,18,-5,2,0.989,5375.35,-127.223,54.812,138.5281454
5,TBOX4,19,-3,2,0.997,5472.62,-79.333,54.804,96.42200633
5,TBOX4,20,-1,2,0.997,5487.9,-31.439,54.796,63.17445953
5,TBOX4,21,1,2,0.997,5470.72,16.431,54.794,57.204547
5,TBOX4,22,3,2,0.997,5410.72,64.314,54.803,84.49650528
5,TBOX4,23,5,2,0.992,5486.76,112.211,54.783,124.8698747
5,TBOX4,25,-5,1,0.993,5417.4,-127.231,25.328,129.7275412
5,TBOX4,26,-4,1,0.996,5513.59,-103.283,25.318,106.3408633
5,TBOX4,27,-2,1,0.998,5515.29,-55.388,25.316,60.89934647
5,TBOX4,28,0,1,0.995,5742.64,-7.514,25.316,26.40757566
5,TBOX4,29,2,1,0.997,5549.22,40.371,25.317,47.65257737
5,TBOX4,30,4,1,0.997,5414.32,88.267,25.299,91.82103621
5,TBOX4,31,6,1,0.987,5391.42,136.168,25.312,138.5006194
5,TBOX4,32,-5,0,0.993,5499.08,-127.234,-4.163,127.3020869
5,TBOX4,33,-3,0,0.998,5464.11,-79.339,-4.169,79.44845802
5,TBOX4,34,-1,0,0.995,5746.66,-31.463,-4.164,31.73734811
5,TBOX4,35,1,0,0.995,5739.62,16.429,-4.157,16.94676046
5,TBOX4,36,3,0,0.998,5429.07,64.324,-4.188,64.46019175
5,TBOX4,37,5,0,0.994,5517.12,112.222,-4.169,112.2994116
5,TBOX4,38,6,0,0.989,5365.6,136.166,-4.153,136.2293176
5,TBOX4,39,-5,-1,0.993,5394.82,-127.235,-33.644,131.6079935
5,TBOX4,40,-4,-1,0.995,5515.02,-103.285,-33.654,108.6295675
5,TBOX4,41,-2,-1,0.997,5503.27,-55.411,-33.65,64.82824555
5,TBOX4,42,0,-1,0.995,5700.37,-7.519,-33.639,34.46908299
5,TBOX4,43,2,-1,0.994,5536.5,40.389,-33.66,52.57629619
5,TBOX4,44,4,-1,0.995,5441.75,88.281,-33.65,94.47675619
5,TBOX4,45,6,-1,0.988,5285.12,136.155,-33.627,140.2460664
5,TBOX4,46,-5,-2,0.992,5460.5,-127.235,-63.131,142.0361517
5,TBOX4,47,-3,-2,0.995,5497.65,-79.358,-63.132,101.4068123
5,TBOX4,48,-1,-2,0.996,5518.75,-31.465,-63.125,70.53234613
5,TBOX4,49,1,-2,0.995,5481.03,16.439,-63.142,65.24686111
5,TBOX4,50,3,-2,0.996,5426.65,64.336,-63.123,90.1312045
5,TBOX4,51,5,-2,0.991,5415.58,112.213,-63.105,128.7400419
5,TBOX4,52,-4,-3,0.991,5363.08,-103.314,-92.606,138.7431217
5,TBOX4,53,-2,-3,0.994,5540.61,-55.414,-92.608,107.9210501
5,TBOX4,54,0,-3,0.994,5485.73,-7.503,-92.626,92.92938655
5,TBOX4,55,2,-3,0.993,5460.57,40.39,-92.605,101.0298873
5,TBOX4,56,4,-3,0.99,5407.11,88.267,-92.579,127.9137777
5,TBOX4,57,5,-3,0.987,5469.9,112.208,-92.566,145.4616775
5,TBOX4,58,-3,-4,0.986,5514.31,-79.363,-122.086,145.6141379
5,TBOX4,59,-2,-4,0.987,5426.55,-55.412,-122.107,134.0917939
5,TBOX4,60,-1,-4,0.989,5538.53,-31.451,-122.105,126.0904296
5,TBOX4,61,0,-4,0.99,5506.24,-7.504,-122.102,122.3323687
5,TBOX4,62,1,-4,0.989,5478.19,16.447,-122.085,123.1878689
5,TBOX4,63,2,-4,0.989,5377.3,40.387,-122.08,128.5870762
5,TBOX4,64,3,-4,0.986,5281.76,64.319,-122.063,137.9721339
5,TBOX3,1,-1,5,0.966,3774.69,-31.562,143.264,146.6994667
5,TBOX3,2,0,5,0.969,3577.85,-7.619,143.252,143.454469
5,TBOX3,3,1,5,0.97,3576.75,16.326,143.247,144.1743434
5,TBOX3,4,-3,4,0.972,3744.58,-79.447,113.78,138.7721666
5,TBOX3,5,-2,4,0.981,3635.3,-55.505,113.778,126.5947799
5,TBOX3,6,-1,4,0.98,3681.16,-31.565,113.769,118.0666531
5,TBOX3,7,0,4,0.982,3667.05,-7.619,113.765,114.0198421
5,TBOX3,8,1,4,0.982,3685.73,16.327,113.766,114.9316044
5,TBOX3,9,2,4,0.981,3690.06,40.266,113.758,120.6740789
5,TBOX3,10,3,4,0.98,3623.64,64.202,113.761,130.6271868
5,TBOX3,11,4,4,0.962,3989.17,88.134,113.759,143.9052189
5,TBOX3,12,-4,3,0.977,3694.69,-103.394,84.301,133.4053141
5,TBOX3,13,-2,3,0.984,3605.23,-55.506,84.283,100.9184826
5,TBOX3,14,0,3,0.985,3517.57,-7.618,84.277,84.62060419
5,TBOX3,15,2,3,0.985,3548.18,40.256,84.281,93.40145875
5,TBOX3,16,4,3,0.98,3702.13,88.136,84.287,121.9518465
5,TBOX3,17,5,3,0.897,2378.38,112.083,84.28,140.2345082
5,TBOX3,18,-5,2,0.97,3680,-127.342,54.813,138.6378373
5,TBOX3,19,-3,2,0.984,3609.83,-79.454,54.808,96.52385705
5,TBOX3,20,-1,2,0.98,3613.56,-31.56,54.799,63.23736238
5,TBOX3,21,1,2,0.978,3623.96,16.311,54.794,57.17019466
5,TBOX3,22,3,2,0.983,3528.86,64.192,54.805,84.40498142
5,TBOX3,23,5,2,0.979,3695,112.09,54.783,124.7611526
5,TBOX3,24,6,2,0.963,4191.83,136.043,54.783,146.6590432
5,TBOX3,25,-5,1,0.976,3660.55,-127.351,25.328,129.845234
5,TBOX3,26,-4,1,0.981,3676.47,-103.404,25.321,106.4591013
5,TBOX3,27,-2,1,0.98,3662.29,-55.51,25.317,61.01074159
5,TBOX3,28,0,1,0.97,3900.65,-7.634,25.317,26.44292807
5,TBOX3,29,2,1,0.976,3690.51,40.25,25.319,47.55117518
5,TBOX3,30,4,1,0.984,3547.07,88.146,25.301,91.70527748
5,TBOX3,31,6,1,0.971,3696.05,136.046,25.316,138.3814076
5,TBOX3,32,-5,0,0.976,3726.23,-127.354,-4.162,127.4219901
5,TBOX3,33,-3,0,0.983,3586.24,-79.46,-4.169,79.56929157
5,TBOX3,34,-1,0,0.971,3895.69,-31.583,-4.163,31.85618398
5,TBOX3,35,1,0,0.971,3879.35,16.309,-4.155,16.82995859
5,TBOX3,36,3,0,0.98,3562.49,64.207,-4.188,64.34343939
5,TBOX3,37,5,0,0.977,3737.95,112.101,-4.166,112.1783836
5,TBOX3,38,6,0,0.972,3669.43,136.047,-4.152,136.1103424
5,TBOX3,39,-5,-1,0.977,3633.17,-127.356,-33.641,131.7242104
5,TBOX3,40,-4,-1,0.981,3691.42,-103.405,-33.654,108.7436699
5,TBOX3,41,-2,-1,0.979,3617.49,-55.531,-33.649,64.93032544
5,TBOX3,42,0,-1,0.973,3831.48,-7.64,-33.639,34.49567974
5,TBOX3,43,2,-1,0.976,3656.76,40.267,-33.661,52.48327553
5,TBOX3,44,4,-1,0.983,3567.95,88.16,-33.647,94.36263142
5,TBOX3,45,6,-1,0.969,3657.82,136.034,-33.627,140.1285991
5,TBOX3,46,-5,-2,0.958,3952.98,-127.356,-63.128,142.1432205
5,TBOX3,47,-3,-2,0.983,3628.24,-79.482,-63.129,101.5020146
5,TBOX3,48,-1,-2,0.983,3607.23,-31.585,-63.125,70.58596071
5,TBOX3,49,1,-2,0.981,3575.97,16.319,-63.142,65.21673041
5,TBOX3,50,3,-2,0.984,3530.08,64.216,-63.119,90.04278326
5,TBOX3,51,5,-2,0.975,3676.78,112.095,-63.105,128.6372032
5,TBOX3,52,-4,-3,0.965,3783.34,-103.432,-92.606,138.8310119
5,TBOX3,53,-2,-3,0.982,3703.31,-55.534,-92.604,107.9792849
5,TBOX3,54,0,-3,0.985,3576.03,-7.623,-92.626,92.93915216
5,TBOX3,55,2,-3,0.984,3589.56,40.269,-92.602,100.9788233
5,TBOX3,56,4,-3,0.975,3691.11,88.146,-92.579,127.8303116
5,TBOX3,57,5,-3,0.933,3966.58,112.087,-92.566,145.3683594
5,TBOX3,58,-3,-4,0.953,4060.66,-79.484,-122.083,145.6776069
5,TBOX3,59,-2,-4,0.971,3711.4,-55.532,-122.107,134.1414271
5,TBOX3,60,-1,-4,0.975,3755.15,-31.572,-122.105,126.1206653
5,TBOX3,61,0,-4,0.978,3712.46,-7.624,-122.099,122.336794
5,TBOX3,62,1,-4,0.978,3691.18,16.326,-122.085,123.1717723
5,TBOX3,63,2,-4,0.976,3632.34,40.267,-122.076,128.5456381
5,TBOX3,64,3,-4,0.97,3652.54,64.198,-122.062,137.9148833
6,TBOX4,1,-1,5,0.993,5267.58,-31.242,143.24,146.6075038
6,TBOX4,2,0,5,0.992,5331.41,-7.301,143.229,143.414961
6,TBOX4,3,1,5,0.993,5283.26,16.646,143.222,144.1860971
6,TBOX4,4,-3,4,0.994,5273.43,-79.127,113.756,138.569512
6,TBOX4,5,-2,4,0.996,5424.19,-55.183,113.753,126.4314379
6,TBOX4,6,-1,4,0.996,5432.76,-31.244,113.74,117.9532752
6,TBOX4,7,0,4,0.997,5444.67,-7.3,113.74,113.9740216
6,TBOX4,8,1,4,0.997,5461.21,16.648,113.74,114.9519182
6,TBOX4,9,2,4,0.996,5456.64,40.586,113.735,120.7595695
6,TBOX4,10,3,4,0.994,5398.92,64.522,113.734,130.7612758
6,TBOX4,11,4,4,0.991,5388.98,88.454,113.732,144.0801095
6,TBOX4,12,-4,3,0.993,5368.49,-103.075,84.279,133.1443032
6,TBOX4,13,-2,3,0.998,5423.14,-55.186,84.258,100.72192
6,TBOX4,14,0,3,0.998,5361.61,-7.298,84.252,84.56748966
6,TBOX4,15,2,3,0.998,5399.76,40.577,84.254,93.5159315
6,TBOX4,16,4,3,0.993,5506.31,88.458,84.258,122.1647589
6,TBOX4,17,5,3,0.987,5412.02,112.4,84.256,140.4736044
6,TBOX4,18,-5,2,0.991,5402.7,-127.023,54.791,138.336171
6,TBOX4,19,-3,2,0.998,5435.37,-79.132,54.783,96.24474278
6,TBOX4,20,-1,2,0.998,5437.65,-31.241,54.772,63.05530957
6,TBOX4,21,1,2,0.998,5451.3,16.629,54.769,57.23781095
6,TBOX4,22,3,2,0.997,5393.44,64.514,54.778,84.6326502
6,TBOX4,23,5,2,0.993,5460.94,112.41,54.757,125.037343
6,TBOX4,25,-5,1,0.993,5407.56,-127.032,25.305,129.5278814
6,TBOX4,26,-4,1,0.996,5503.56,-103.086,25.296,106.1442934
6,TBOX4,27,-2,1,0.998,5487.1,-55.189,25.293,60.70882613
6,TBOX4,28,0,1,0.996,5687.94,-7.313,25.292,26.32803132
6,TBOX4,29,2,1,0.997,5533.51,40.569,25.292,47.80720683
6,TBOX4,30,4,1,0.997,5395.19,88.465,25.273,92.00424313
6,TBOX4,31,6,1,0.987,5370.73,136.367,25.287,138.6917123
6,TBOX4,32,-5,0,0.995,5461.01,-127.037,-4.185,127.1059149
6,TBOX4,33,-3,0,0.998,5425.6,-79.141,-4.194,79.25205055
6,TBOX4,34,-1,0,0.997,5672.92,-31.263,-4.189,31.54239829
6,TBOX4,35,1,0,0.996,5681.08,16.627,-4.182,17.14486083
6,TBOX4,36,3,0,0.998,5422.88,64.523,-4.209,64.66013617
6,TBOX4,37,5,0,0.993,5458.29,112.419,-4.193,112.497168
6,TBOX4,38,6,0,0.988,5334.62,136.365,-4.18,136.4290498
6,TBOX4,39,-5,-1,0.995,5349.19,-127.035,-33.667,131.4205392
6,TBOX4,40,-4,-1,0.996,5478.65,-103.089,-33.677,108.4503677
6,TBOX4,41,-2,-1,0.998,5471.56,-55.215,-33.674,64.67329048
6,TBOX4,42,0,-1,0.996,5654.19,-7.319,-33.664,34.45043769
6,TBOX4,43,2,-1,0.998,5500.26,40.585,-33.687,52.74425271
6,TBOX4,44,4,-1,0.995,5380.5,88.477,-33.674,94.66846257
6,TBOX4,45,6,-1,0.988,5285.33,136.353,-33.655,140.4450057
6,TBOX4,46,-5,-2,0.995,5239.8,-127.039,-63.156,141.8717303
6,TBOX4,47,-3,-2,0.996,5463.55,-79.163,-63.156,101.2692496
6,TBOX4,48,-1,-2,0.996,5455.62,-31.264,-63.149,70.46441582
6,TBOX4,49,1,-2,0.996,5445.62,16.64,-63.169,65.32390191
6,TBOX4,50,3,-2,0.995,5390.24,64.534,-63.147,90.28942776
6,TBOX4,51,5,-2,0.99,5375.4,112.414,-63.134,128.9294743
6,TBOX4,52,-4,-3,0.993,5246.87,-103.113,-92.631,138.6102194
6,TBOX4,53,-2,-3,0.994,5494.37,-55.215,-92.634,107.841338
6,TBOX4,54,0,-3,0.994,5429.2,-7.304,-92.651,92.93845392
6,TBOX4,55,2,-3,0.993,5401.31,40.585,-92.629,101.129985
6,TBOX4,56,4,-3,0.989,5371.04,88.466,-92.607,128.0714238
6,TBOX4,57,5,-3,0.99,5348.8,112.405,-92.592,145.6302252
6,TBOX4,58,-3,-4,0.988,5469.78,-79.166,-122.11,145.5269997
6,TBOX4,59,-2,-4,0.988,5384.6,-55.212,-122.135,134.0347834
6,TBOX4,60,-1,-4,0.99,5481.67,-31.254,-122.132,126.0675927
6,TBOX4,61,0,-4,0.989,5451.14,-7.307,-122.125,122.3434014
6,TBOX4,62,1,-4,0.99,5423.27,16.642,-122.109,123.2378353
6,TBOX4,63,2,-4,0.989,5355.45,40.583,-122.103,128.6705969
6,TBOX4,64,3,-4,0.987,5288.89,64.516,-122.09,138.0879515
6,TBOX3,1,-1,5,0.964,3781.03,-31.362,143.244,146.63703
6,TBOX3,2,0,5,0.963,3765.54,-7.421,143.23,143.4221187
6,TBOX3,3,1,5,0.956,3828.29,16.525,143.222,144.172178
6,TBOX3,4,-3,4,0.972,3626.87,-79.247,113.756,138.6380703
6,TBOX3,5,-2,4,0.978,3638.45,-55.307,113.753,126.4856089
6,TBOX3,6,-1,4,0.981,3625.61,-31.364,113.744,117.9889742
6,TBOX3,7,0,4,0.982,3593.04,-7.421,113.743,113.9848292
6,TBOX3,8,1,4,0.982,3610.11,16.525,113.743,114.9371379
6,TBOX3,9,2,4,0.98,3647.48,40.465,113.735,120.7189565
6,TBOX3,10,3,4,0.977,3620.49,64.402,113.735,130.7029756
6,TBOX3,11,4,4,0.965,3803,88.334,113.732,144.0064699
6,TBOX3,12,-4,3,0.975,3654.87,-103.195,84.28,133.2378566
6,TBOX3,13,-2,3,0.983,3574.61,-55.309,84.262,100.7927087
6,TBOX3,14,0,3,0.983,3458.72,-7.419,84.255,84.58100606
6,TBOX3,15,2,3,0.983,3504.94,40.457,84.257,93.46662986
6,TBOX3,16,4,3,0.978,3703.5,88.337,84.262,122.0799337
6,TBOX3,17,5,3,0.969,3716.36,112.281,84.258,140.3796051
6,TBOX3,18,-5,2,0.972,3666.95,-127.144,54.795,138.448867
6,TBOX3,19,-3,2,0.982,3576.08,-79.255,54.783,96.34589827
6,TBOX3,20,-1,2,0.98,3534.41,-31.361,54.775,63.11745358
6,TBOX3,21,1,2,0.979,3555.22,16.509,54.769,57.20306322
6,TBOX3,22,3,2,0.981,3501.76,64.393,54.782,84.54304213
6,TBOX3,23,5,2,0.976,3673.88,112.29,54.757,124.9294727
6,TBOX3,24,6,2,0.923,2452.24,136.241,54.76,146.8341503
6,TBOX3,25,-5,1,0.977,3633.29,-127.153,25.307,129.6469423
6,TBOX3,26,-4,1,0.981,3663.07,-103.206,25.297,106.2610778
6,TBOX3,27,-2,1,0.981,3582.04,-55.309,25.293,60.81793592
6,TBOX3,28,0,1,0.97,3832.65,-7.433,25.293,26.36257457
6,TBOX3,29,2,1,0.975,3643.35,40.449,25.295,47.70700814
6,TBOX3,30,4,1,0.981,3532,88.344,25.274,91.88817885
6,TBOX3,31,6,1,0.967,3691.68,136.247,25.287,138.5737254
6,TBOX3,32,-5,0,0.977,3677.8,-127.157,-4.184,127.225817
6,TBOX3,33,-3,0,0.982,3548.9,-79.262,-4.192,79.37277561
6,TBOX3,34,-1,0,0.97,3823.58,-31.386,-4.186,31.66391625
6,TBOX3,35,1,0,0.969,3852.61,16.506,-4.181,17.02729565
6,TBOX3,36,3,0,0.978,3545.22,64.403,-4.208,64.54032594
6,TBOX3,37,5,0,0.976,3664.84,112.298,-4.193,112.3762522
6,TBOX3,38,6,0,0.966,3687.46,136.243,-4.176,136.3069845
6,TBOX3,39,-5,-1,0.975,3626.4,-127.156,-33.667,131.537505
6,TBOX3,40,-4,-1,0.981,3638.87,-103.209,-33.676,108.5641315
6,TBOX3,41,-2,-1,0.979,3577.44,-55.335,-33.673,64.77525109
6,TBOX3,42,0,-1,0.971,3802.28,-7.44,-33.664,34.47634691
6,TBOX3,43,2,-1,0.974,3637.26,40.464,-33.687,52.65120383
6,TBOX3,44,4,-1,0.979,3552.91,88.356,-33.672,94.55467371
6,TBOX3,45,6,-1,0.962,3723.1,136.233,-33.653,140.3280253
6,TBOX3,46,-5,-2,0.963,3783.98,-127.159,-63.152,141.9774151
6,TBOX3,47,-3,-2,0.981,3609.38,-79.283,-63.153,101.361213
6,TBOX3,48,-1,-2,0.982,3557.25,-31.385,-63.148,70.51728957
6,TBOX3,49,1,-2,0.979,3551.52,16.517,-63.166,65.28977596
6,TBOX3,50,3,-2,0.98,3529.81,64.413,-63.144,90.20088306
6,TBOX3,51,5,-2,0.971,3706.11,112.293,-63.134,128.8239877
6,TBOX3,52,-4,-3,0.967,3677.02,-103.235,-92.63,138.7003321
6,TBOX3,53,-2,-3,0.98,3646.86,-55.333,-92.634,107.9018019
6,TBOX3,54,0,-3,0.983,3530.52,-7.424,-92.651,92.94796166
6,TBOX3,55,2,-3,0.981,3564.1,40.465,-92.629,101.0818869
6,TBOX3,56,4,-3,0.971,3685.9,88.345,-92.607,127.9878724
6,TBOX3,57,5,-3,0.899,3955.63,112.281,-92.592,145.5345369
6,TBOX3,58,-3,-4,0.959,3970.67,-79.287,-122.106,145.5895038
6,TBOX3,59,-2,-4,0.971,3686.64,-55.333,-122.132,134.0819388
6,TBOX3,60,-1,-4,0.976,3683.92,-31.377,-122.131,126.097174
6,TBOX3,61,0,-4,0.976,3653.89,-7.427,-122.123,122.3486308
6,TBOX3,62,1,-4,0.976,3645.96,16.521,-122.109,123.2215538
6,TBOX3,63,2,-4,0.974,3621.58,40.464,-122.102,128.6321643
6,TBOX3,64,3,-4,0.967,3657.11,64.395,-122.087,138.0288071
7,TBOX4,1,-1,5,0.994,5304.98,-31.375,143.17,146.5675255
7,TBOX4,2,0,5,0.993,5304.51,-7.434,143.158,143.3508888
7,TBOX4,3,1,5,0.994,5286.59,16.511,143.15,144.099048
7,TBOX4,4,-3,4,0.995,5221.15,-79.26,113.685,138.5872535
7,TBOX4,5,-2,4,0.996,5283.3,-55.318,113.681,126.4256734
7,TBOX4,6,-1,4,0.997,5314.42,-31.376,113.67,117.9208305
7,TBOX4,7,0,4,0.997,5331.11,-7.432,113.67,113.9127013
7,TBOX4,8,1,4,0.997,5333.23,16.514,113.667,114.860346
7,TBOX4,9,2,4,0.997,5342.47,40.454,113.664,120.6483776
7,TBOX4,10,3,4,0.995,5271.95,64.39,113.663,130.6344123
7,TBOX4,11,4,4,0.993,5264.06,88.322,113.663,143.9446187
7,TBOX4,12,-4,3,0.994,5274.86,-103.206,84.206,133.1995829
7,TBOX4,13,-2,3,0.998,5264.78,-55.317,84.186,100.7335748
7,TBOX4,14,0,3,0.998,5216.29,-7.43,84.18,84.50726182
7,TBOX4,15,2,3,0.997,5225.66,40.443,84.185,93.39566625
7,TBOX4,16,4,3,0.993,5381.17,88.328,84.187,122.0216643
7,TBOX4,17,5,3,0.989,5278.79,112.267,84.185,140.3246005
7,TBOX4,18,-5,2,0.991,5275.41,-127.155,54.72,138.4293048
7,TBOX4,19,-3,2,0.999,5275.57,-79.266,54.71,96.31346145
7,TBOX4,20,-1,2,0.998,5311.47,-31.373,54.698,63.05661213
7,TBOX4,21,1,2,0.998,5316.1,16.497,54.698,57.13162183
7,TBOX4,22,3,2,0.997,5191.06,64.379,54.71,84.48573691
7,TBOX4,23,5,2,0.993,5353.4,112.278,54.686,124.887581
7,TBOX4,25,-5,1,0.994,5271.87,-127.164,25.234,129.6435022
7,TBOX4,26,-4,1,0.997,5323.5,-103.215,25.223,106.252228
7,TBOX4,27,-2,1,0.999,5284.43,-55.32,25.221,60.79803649
7,TBOX4,28,0,1,0.997,5511.36,-7.444,25.221,26.29661531
7,TBOX4,29,2,1,0.997,5365.84,40.438,25.221,47.65847968
7,TBOX4,30,4,1,0.997,5229.38,88.334,25.202,91.85878488
7,TBOX4,31,6,1,0.989,5293.68,136.234,25.218,138.548368
7,TBOX4,32,-5,0,0.995,5305.03,-127.167,-4.258,127.2382665
7,TBOX4,33,-3,0,0.998,5285.3,-79.27,-4.266,79.38470669
7,TBOX4,34,-1,0,0.997,5536.91,-31.395,-4.26,31.6827023
7,TBOX4,35,1,0,0.996,5525.74,16.497,-4.255,17.03690212
7,TBOX4,36,3,0,0.997,5263.98,64.393,-4.28,64.53508231
7,TBOX4,37,5,0,0.994,5344.26,112.288,-4.263,112.368893
7,TBOX4,38,6,0,0.989,5285.76,136.231,-4.248,136.2972152
7,TBOX4,39,-5,-1,0.995,5228.35,-127.168,-33.74,131.5678069
7,TBOX4,40,-4,-1,0.996,5313.57,-103.219,-33.75,108.5966135
7,TBOX4,41,-2,-1,0.998,5308.91,-55.345,-33.746,64.82176749
7,TBOX4,42,0,-1,0.996,5496.65,-7.453,-33.735,34.54847947
7,TBOX4,43,2,-1,0.998,5323.05,40.452,-33.756,52.68616365
7,TBOX4,44,4,-1,0.994,5223.63,88.348,-33.742,94.57215059
7,TBOX4,45,6,-1,0.989,5165.99,136.224,-33.724,140.336333
7,TBOX4,46,-5,-2,0.995,5220.15,-127.17,-63.225,142.0197505
7,TBOX4,47,-3,-2,0.996,5286.7,-79.292,-63.228,101.4149952
7,TBOX4,48,-1,-2,0.997,5305.09,-31.394,-63.223,70.58846198
7,TBOX4,49,1,-2,0.996,5275.71,16.508,-63.239,65.35813021
7,TBOX4,50,3,-2,0.995,5234.06,64.404,-63.217,90.24557776
7,TBOX4,51,5,-2,0.992,5262.3,112.282,-63.201,128.8472504
7,TBOX4,52,-4,-3,0.993,5198.77,-103.245,-92.702,138.7558677
7,TBOX4,53,-2,-3,0.994,5362.01,-55.347,-92.702,107.9673618
7,TBOX4,54,0,-3,0.994,5254.12,-7.436,-92.722,93.01969351
7,TBOX4,55,2,-3,0.993,5283.25,40.455,-92.7,101.1429534
7,TBOX4,56,4,-3,0.991,5235.06,88.334,-92.676,128.0302173
7,TBOX4,57,5,-3,0.988,5150.16,112.273,-92.66,145.5716392
7,TBOX4,58,-3,-4,0.989,5461.57,-79.296,-122.181,145.6573114
7,TBOX4,59,-2,-4,0.989,5325.92,-55.344,-122.204,134.1520628
7,TBOX4,60,-1,-4,0.991,5365.18,-31.387,-122.202,126.1684294
7,TBOX4,61,0,-4,0.991,5339.15,-7.436,-122.197,122.4230407
7,TBOX4,62,1,-4,0.992,5311.77,16.512,-122.181,123.2916984
7,TBOX4,63,2,-4,0.991,5243.55,40.455,-122.172,128.6957832
7,TBOX4,64,3,-4,0.988,5180.34,64.385,-122.159,138.0878326
7,TBOX3,1,-1,5,0.965,3724.24,-31.495,143.171,146.5942368
7,TBOX3,2,0,5,0.962,3738.09,-7.555,143.159,143.3582132
7,TBOX3,3,1,5,0.966,3675.07,16.391,143.151,144.0863411
7,TBOX3,4,-3,4,0.971,3566.61,-79.38,113.686,138.656738
7,TBOX3,5,-2,4,0.982,3448.23,-55.439,113.681,126.4786641
7,TBOX3,6,-1,4,0.984,3468.54,-31.498,113.675,117.958169
7,TBOX3,7,0,4,0.985,3455.72,-7.553,113.67,113.9206597
7,TBOX3,8,1,4,0.985,3472.4,16.393,113.67,114.845981
7,TBOX3,9,2,4,0.985,3489.71,40.333,113.665,120.608802
7,TBOX3,10,3,4,0.983,3436.73,64.269,113.666,130.577425
7,TBOX3,11,4,4,0.972,3627.96,88.202,113.663,143.8710199
7,TBOX3,12,-4,3,0.978,3495.07,-103.326,84.206,133.2925831
7,TBOX3,13,-2,3,0.985,3361.04,-55.439,84.19,100.8039623
7,TBOX3,14,0,3,0.985,3223.1,-7.551,84.183,84.52097426
7,TBOX3,15,2,3,0.985,3262.08,40.322,84.186,93.34423539
7,TBOX3,16,4,3,0.984,3554.38,88.206,84.192,121.9368332
7,TBOX3,17,5,3,0.975,3580.48,112.147,84.186,140.2292131
7,TBOX3,18,-5,2,0.968,3662.75,-127.275,54.721,138.5399346
7,TBOX3,19,-3,2,0.986,3348.18,-79.387,54.711,96.41363643
7,TBOX3,20,-1,2,0.984,3339.66,-31.492,54.7,63.11763671
7,TBOX3,21,1,2,0.983,3351.83,16.377,54.698,57.0970869
7,TBOX3,22,3,2,0.985,3228.58,64.258,54.711,84.39421832
7,TBOX3,23,5,2,0.983,3521.96,112.158,54.685,124.7792699
7,TBOX3,24,6,2,0.903,2414.69,136.111,54.691,146.687797
7,TBOX3,25,-5,1,0.979,3489.13,-127.284,25.234,129.7612092
7,TBOX3,26,-4,1,0.985,3473.93,-103.334,25.224,106.3680673
7,TBOX3,27,-2,1,0.983,3366.63,-55.443,25.222,60.91038937
7,TBOX3,28,0,1,0.979,3596.32,-7.565,25.221,26.33112352
7,TBOX3,29,2,1,0.981,3433.95,40.317,25.225,47.55797634
7,TBOX3,30,4,1,0.985,3320.61,88.212,25.206,91.74257125
7,TBOX3,31,6,1,0.975,3582.57,136.113,25.221,138.4299375
7,TBOX3,32,-5,0,0.981,3510.35,-127.288,-4.257,127.3591653
7,TBOX3,33,-3,0,0.985,3322.54,-79.391,-4.266,79.50553212
7,TBOX3,34,-1,0,0.978,3627.64,-31.515,-4.26,31.8016167
7,TBOX3,35,1,0,0.977,3609.81,16.376,-4.254,16.91951217
7,TBOX3,36,3,0,0.983,3316.81,64.273,-4.279,64.41528056
7,TBOX3,37,5,0,0.982,3545.25,112.166,-4.259,112.2468291
7,TBOX3,38,6,0,0.976,3558.78,136.112,-4.244,136.1781483
7,TBOX3,39,-5,-1,0.98,3447.17,-127.287,-33.739,131.6825747
7,TBOX3,40,-4,-1,0.985,3473.47,-103.338,-33.746,108.7084852
7,TBOX3,41,-2,-1,0.983,3356.5,-55.464,-33.742,64.92132053
7,TBOX3,42,0,-1,0.979,3602.77,-7.573,-33.734,34.57358941
7,TBOX3,43,2,-1,0.98,3410.17,40.331,-33.753,52.59139255
7,TBOX3,44,4,-1,0.983,3339.02,88.227,-33.741,94.45876672
7,TBOX3,45,6,-1,0.971,3592.51,136.102,-33.723,140.2176705
7,TBOX3,46,-5,-2,0.941,5207.54,-127.291,-63.225,142.1281088
7,TBOX3,47,-3,-2,0.985,3408.82,-79.413,-63.225,101.5077593
7,TBOX3,48,-1,-2,0.985,3352.48,-31.514,-63.223,70.64191337
7,TBOX3,49,1,-2,0.983,3305.68,16.387,-63.236,65.32476915
7,TBOX3,50,3,-2,0.983,3302.49,64.283,-63.217,90.15926562
7,TBOX3,51,5,-2,0.98,3517.28,112.161,-63.198,128.7403477
7,TBOX3,52,-4,-3,0.977,3493.52,-103.363,-92.703,138.8443588
7,TBOX3,53,-2,-3,0.984,3521.98,-55.466,-92.701,108.0275546
7,TBOX3,54,0,-3,0.985,3346.22,-7.557,-92.721,93.02844775
7,TBOX3,55,2,-3,0.984,3409.57,40.336,-92.698,101.0935809
7,TBOX3,56,4,-3,0.979,3506.64,88.214,-92.674,127.9460045
7,TBOX3,57,5,-3,0.91,3793.96,112.152,-92.661,145.4789745
7,TBOX3,58,-3,-4,0.925,2422.59,-79.417,-122.178,145.720704
7,TBOX3,59,-2,-4,0.978,3531.59,-55.465,-122.205,134.2029368
7,TBOX3,60,-1,-4,0.981,3556.15,-31.506,-122.2,126.1961491
7,TBOX3,61,0,-4,0.982,3548.43,-7.557,-122.193,122.4264575
7,TBOX3,62,1,-4,0.982,3519.15,16.392,-122.18,123.2746935
7,TBOX3,63,2,-4,0.98,3482.64,40.335,-122.171,128.6571625
7,TBOX3,64,3,-4,0.943,5193.69,64.266,-122.157,138.0306176
8,TBOX4,1,-1,5,0.992,5320.42,-31.404,143.162,146.5659219
8,TBOX4,2,0,5,0.99,5355.55,-7.463,143.151,143.3454051
8,TBOX4,3,1,5,0.991,5165.68,16.481,143.14,144.0856792
8,TBOX4,4,-3,4,0.993,5378.5,-79.291,113.679,138.6000639
8,TBOX4,5,-2,4,0.995,5417.66,-55.347,113.673,126.4311723
8,TBOX4,6,-1,4,0.996,5406.61,-31.408,113.663,117.9226019
8,TBOX4,7,0,4,0.996,5441.12,-7.463,113.661,113.9057474
8,TBOX4,8,1,4,0.996,5442.62,16.483,113.661,114.8499552
8,TBOX4,9,2,4,0.996,5469.63,40.421,113.653,120.6269524
8,TBOX4,10,3,4,0.993,5400.59,64.358,113.655,130.6116809
8,TBOX4,11,4,4,0.989,5260.71,88.291,113.651,143.9161231
8,TBOX4,12,-4,3,0.993,5394.6,-103.24,84.2,133.2221363
8,TBOX4,13,-2,3,0.998,5414.12,-55.35,84.181,100.7475224
8,TBOX4,14,0,3,0.998,5331.89,-7.461,84.172,84.50202427
8,TBOX4,15,2,3,0.998,5328.94,40.415,84.175,93.37452999
8,TBOX4,16,4,3,0.992,5475.35,88.292,84.179,121.9900869
8,TBOX4,17,5,3,0.986,5468.33,112.239,84.173,140.2950001
8,TBOX4,18,-5,2,0.989,5376.7,-127.186,54.712,138.4546191
8,TBOX4,19,-3,2,0.998,5434.84,-79.295,54.703,96.33335473
8,TBOX4,20,-1,2,0.998,5404.54,-31.405,54.694,63.06907056
8,TBOX4,21,1,2,0.998,5399.11,16.466,54.689,57.11406024
8,TBOX4,22,3,2,0.997,5338.48,64.35,54.699,84.45651604
8,TBOX4,23,5,2,0.992,5448.16,112.243,54.675,124.8512982
8,TBOX4,25,-5,1,0.993,5403.96,-127.195,25.225,129.6721583
8,TBOX4,26,-4,1,0.997,5461.57,-103.247,25.216,106.2816525
8,TBOX4,27,-2,1,0.998,5460.83,-55.353,25.211,60.82391906
8,TBOX4,28,0,1,0.996,5699.62,-7.479,25.211,26.29695728
8,TBOX4,29,2,1,0.996,5489.26,40.407,25.21,47.62635561
8,TBOX4,30,4,1,0.996,5372.15,88.301,25.193,91.82458195
8,TBOX4,31,6,1,0.986,5465.6,136.2,25.206,138.5127519
8,TBOX4,32,-5,0,0.995,5443.12,-127.202,-4.266,127.2735148
8,TBOX4,33,-3,0,0.998,5403.87,-79.303,-4.273,79.41803534
8,TBOX4,34,-1,0,0.996,5683.19,-31.428,-4.267,31.71634394
8,TBOX4,35,1,0,0.996,5697.09,16.464,-4.264,17.00720412
8,TBOX4,36,3,0,0.997,5383.64,64.36,-4.29,64.50281932
8,TBOX4,37,5,0,0.993,5473.78,112.255,-4.275,112.3363728
8,TBOX4,38,6,0,0.986,5379.26,136.2,-4.26,136.2666049
8,TBOX4,39,-5,-1,0.995,5347.32,-127.202,-33.744,131.6016958
8,TBOX4,40,-4,-1,0.996,5457.26,-103.254,-33.754,108.6311237
8,TBOX4,41,-2,-1,0.997,5447.66,-55.378,-33.753,64.85358813
8,TBOX4,42,0,-1,0.995,5634.67,-7.486,-33.745,34.56537604
8,TBOX4,43,2,-1,0.998,5474.54,40.418,-33.767,52.6671151
8,TBOX4,44,4,-1,0.994,5366.02,88.312,-33.753,94.54244736
8,TBOX4,45,6,-1,0.987,5208.76,136.188,-33.737,140.3045135
8,TBOX4,46,-5,-2,0.995,5304.79,-127.205,-63.233,142.0546526
8,TBOX4,47,-3,-2,0.995,5403.52,-79.327,-63.234,101.4461024
8,TBOX4,48,-1,-2,0.996,5412.51,-31.432,-63.229,70.61074327
8,TBOX4,49,1,-2,0.995,5410.5,16.472,-63.248,65.35775614
8,TBOX4,50,3,-2,0.994,5371.72,64.371,-63.229,90.23043878
8,TBOX4,51,5,-2,0.99,5390.36,112.247,-63.212,128.8221485
8,TBOX4,52,-4,-3,0.993,5229.4,-103.281,-92.707,138.7859964
8,TBOX4,53,-2,-3,0.994,5486.77,-55.379,-92.713,107.9932128
8,TBOX4,54,0,-3,0.993,5396.05,-7.473,-92.73,93.03063275
8,TBOX4,55,2,-3,0.993,5394.41,40.422,-92.709,101.1380085
8,TBOX4,56,4,-3,0.991,5363.02,88.298,-92.686,128.012622
8,TBOX4,57,5,-3,0.989,5163.94,112.238,-92.671,145.5516502
8,TBOX4,58,-3,-4,0.99,5131.09,-79.332,-122.19,145.6844615
8,TBOX4,59,-2,-4,0.989,5358.51,-55.382,-122.212,134.1750307
8,TBOX4,60,-1,-4,0.99,5459.51,-31.42,-122.212,126.1863279
8,TBOX4,61,0,-4,0.989,5435.5,-7.472,-122.205,122.4332178
8,TBOX4,62,1,-4,0.989,5443.25,16.479,-122.191,123.2971935
8,TBOX4,63,2,-4,0.989,5340.92,40.418,-122.184,128.69555
8,TBOX4,64,3,-4,0.987,5247.23,64.35,-122.17,138.0812493
8,TBOX3,1,-1,5,0.97,3701.36,-31.524,143.162,146.5916806
8,TBOX3,2,0,5,0.968,3621.9,-7.584,143.152,143.3527543
8,TBOX3,3,1,5,0.967,3428.77,16.361,143.143,144.0749832
8,TBOX3,4,-3,4,0.973,3648.01,-79.412,113.679,138.6693217
8,TBOX3,5,-2,4,0.978,3637.5,-55.47,113.674,126.4859643
8,TBOX3,6,-1,4,0.978,3635.03,-31.528,113.664,117.9555835
8,TBOX3,7,0,4,0.98,3632.08,-7.584,113.661,113.9137392
8,TBOX3,8,1,4,0.979,3638.77,16.362,113.66,114.8316622
8,TBOX3,9,2,4,0.978,3662.06,40.301,113.653,120.5867945
8,TBOX3,10,3,4,0.974,3646.59,64.238,113.655,130.5525935
8,TBOX3,11,4,4,0.968,3630.15,88.171,113.651,143.8425356
8,TBOX3,12,-4,3,0.975,3663.51,-103.36,84.2,133.3151514
8,TBOX3,13,-2,3,0.981,3589.42,-55.47,84.182,100.8143344
8,TBOX3,14,0,3,0.981,3495.24,-7.581,84.173,84.51370001
8,TBOX3,15,2,3,0.981,3511.54,40.294,84.175,93.32222169
8,TBOX3,16,4,3,0.952,5451.12,88.171,84.179,121.9025401
8,TBOX3,17,5,3,0.967,3790.85,112.117,84.176,140.1992178
8,TBOX3,18,-5,2,0.972,3674.1,-127.307,54.712,138.5657793
8,TBOX3,19,-3,2,0.981,3612.87,-79.416,54.704,96.43354537
8,TBOX3,20,-1,2,0.977,3578.02,-31.526,54.694,63.12940925
8,TBOX3,21,1,2,0.976,3614.79,16.345,54.69,57.08025162
8,TBOX3,22,3,2,0.981,3527.5,64.23,54.7,84.36576853
8,TBOX3,23,5,2,0.976,3675.9,112.124,54.678,124.7456414
8,TBOX3,24,6,2,0.964,4191.34,136.078,54.678,146.6523296
8,TBOX3,25,-5,1,0.976,3656.08,-127.317,25.228,129.792413
8,TBOX3,26,-4,1,0.98,3674.4,-103.371,25.217,106.402353
8,TBOX3,27,-2,1,0.976,3643.78,-55.476,25.214,60.93711818
8,TBOX3,28,0,1,0.971,3878.07,-7.598,25.213,26.33296362
8,TBOX3,29,2,1,0.974,3688.29,40.284,25.214,47.52416703
8,TBOX3,30,4,1,0.979,3558.98,88.18,25.193,91.70823109
8,TBOX3,31,6,1,0.968,3761.86,136.08,25.208,138.3951215
8,TBOX3,32,-5,0,0.977,3669.37,-127.321,-4.264,127.392381
8,TBOX3,33,-3,0,0.98,3557.24,-79.423,-4.273,79.53786179
8,TBOX3,34,-1,0,0.973,3820.98,-31.549,-4.266,31.83611404
8,TBOX3,35,1,0,0.973,3815.83,16.345,-4.263,16.89177889
8,TBOX3,36,3,0,0.977,3581.48,64.239,-4.29,64.38208773
8,TBOX3,37,5,0,0.953,5439.64,112.132,-4.274,112.2134239
8,TBOX3,38,6,0,0.971,3664.49,136.079,-4.26,136.1456641
8,TBOX3,39,-5,-1,0.978,3601.33,-127.323,-33.744,131.7186542
8,TBOX3,40,-4,-1,0.98,3657.79,-103.375,-33.754,108.7461408
8,TBOX3,41,-2,-1,0.977,3601.2,-55.498,-33.752,64.95556564
8,TBOX3,42,0,-1,0.952,5438.16,-7.606,-33.744,34.59058791
8,TBOX3,43,2,-1,0.973,3673.7,40.297,-33.764,52.57238729
8,TBOX3,44,4,-1,0.979,3550.92,88.192,-33.752,94.43000777
8,TBOX3,45,6,-1,0.972,3544.31,136.07,-33.737,140.1899785
8,TBOX3,46,-5,-2,0.974,3645.79,-127.324,-63.231,142.1603332
8,TBOX3,47,-3,-2,0.981,3577.49,-79.447,-63.233,101.5393426
8,TBOX3,48,-1,-2,0.979,3554.04,-31.552,-63.228,70.66334756
8,TBOX3,49,1,-2,0.978,3552.75,16.352,-63.248,65.32761597
8,TBOX3,50,3,-2,0.979,3551.75,64.251,-63.229,90.14486919
8,TBOX3,51,5,-2,0.974,3690.16,112.126,-63.212,128.7167309
8,TBOX3,52,-4,-3,0.978,3493.11,-103.399,-92.708,138.874499
8,TBOX3,53,-2,-3,0.979,3667.59,-55.5,-92.71,108.0527376
8,TBOX3,54,0,-3,0.982,3538.73,-7.591,-92.729,93.03918917
8,TBOX3,55,2,-3,0.981,3570.57,40.302,-92.708,101.0891907
8,TBOX3,56,4,-3,0.974,3686.62,88.18,-92.686,127.9312589
8,TBOX3,57,5,-3,0.964,3648.06,112.117,-92.671,145.4583649
8,TBOX3,58,-3,-4,0.974,3488.13,-79.453,-122.186,145.7470336
8,TBOX3,59,-2,-4,0.976,3632.82,-55.502,-122.209,134.2218748
8,TBOX3,60,-1,-4,0.977,3715.87,-31.541,-122.208,126.2126378
8,TBOX3,61,0,-4,0.979,3658.71,-7.592,-122.202,122.4376056
8,TBOX3,62,1,-4,0.977,3668.86,16.356,-122.19,123.2798233
8,TBOX3,63,2,-4,0.976,3631.02,40.297,-122.18,128.6538014
8,TBOX3,64,3,-4,0.944,5203.09,64.23,-122.17,138.0253665
9,TBOX4,1,-1,5,0.993,5279.74,-31.29,143.18,146.5591229
9,TBOX4,2,0,5,0.992,5283.95,-7.351,143.169,143.357594
9,TBOX4,3,1,5,0.992,5367.79,16.595,143.161,144.1196237
9,TBOX4,4,-3,4,0.994,5247.53,-79.178,113.697,138.5502201
9,TBOX4,5,-2,4,0.995,5390.25,-55.234,113.69,126.3970366
9,TBOX4,6,-1,4,0.996,5401.57,-31.294,113.682,117.9106083
9,TBOX4,7,0,4,0.997,5418.38,-7.351,113.681,113.9184224
9,TBOX4,8,1,4,0.996,5420.08,16.598,113.68,114.8853167
9,TBOX4,9,2,4,0.996,5442.5,40.536,113.673,120.6843744
9,TBOX4,10,3,4,0.994,5364.53,64.473,113.673,130.6840413
9,TBOX4,11,4,4,0.989,5540.75,88.404,113.672,144.0020514
9,TBOX4,12,-4,3,0.992,5381.09,-103.124,84.216,133.1423826
9,TBOX4,13,-2,3,0.997,5419.12,-55.236,84.199,100.6999866
9,TBOX4,14,0,3,0.998,5347.73,-7.348,84.192,84.51204629
9,TBOX4,15,2,3,0.997,5377.6,40.528,84.194,93.4406144
9,TBOX4,16,4,3,0.993,5479.97,88.407,84.197,122.0857586
9,TBOX4,17,5,3,0.986,5348.72,112.35,84.194,140.3964107
9,TBOX4,18,-5,2,0.988,5421.8,-127.075,54.73,138.3597793
9,TBOX4,19,-3,2,0.998,5415.89,-79.183,54.721,96.25141729
9,TBOX4,20,-1,2,0.997,5420.42,-31.292,54.713,63.02937119
9,TBOX4,21,1,2,0.998,5428.84,16.579,54.709,57.16588075
9,TBOX4,22,3,2,0.997,5345.31,64.463,54.719,84.55558722
9,TBOX4,23,5,2,0.991,5482.55,112.36,54.697,124.966121
9,TBOX4,25,-5,1,0.993,5366.81,-127.082,25.247,129.565604
9,TBOX4,26,-4,1,0.996,5453.7,-103.135,25.235,106.1773679
9,TBOX4,27,-2,1,0.998,5456.52,-55.24,25.232,60.72982318
9,TBOX4,28,0,1,0.996,5680.4,-7.362,25.23,26.28216019
9,TBOX4,29,2,1,0.997,5524.79,40.52,25.233,47.73441828
9,TBOX4,30,4,1,0.996,5391.98,88.415,25.215,91.94024391
9,TBOX4,31,6,1,0.988,5230.1,136.318,25.226,138.6324212
9,TBOX4,32,-5,0,0.995,5389.66,-127.088,-4.246,127.1589095
9,TBOX4,33,-3,0,0.998,5423.31,-79.189,-4.255,79.30323288
9,TBOX4,34,-1,0,0.996,5673.75,-31.312,-4.249,31.59897696
9,TBOX4,35,1,0,0.996,5700.87,16.58,-4.243,17.11430539
9,TBOX4,36,3,0,0.997,5436.78,64.473,-4.273,64.61444311
9,TBOX4,37,5,0,0.994,5474.9,112.368,-4.254,112.4484946
9,TBOX4,38,6,0,0.987,5339.2,136.314,-4.24,136.3799259
9,TBOX4,39,-5,-1,0.994,5319.54,-127.086,-33.726,131.4849591
9,TBOX4,40,-4,-1,0.996,5463.72,-103.139,-33.739,108.5171574
9,TBOX4,41,-2,-1,0.997,5459.99,-55.263,-33.733,64.74499562
9,TBOX4,42,0,-1,0.995,5627.77,-7.368,-33.728,34.52340377
9,TBOX4,43,2,-1,0.998,5508.19,40.536,-33.744,52.74300742
9,TBOX4,44,4,-1,0.996,5368.63,88.428,-33.733,94.64368163
9,TBOX4,45,6,-1,0.988,5327.73,136.306,-33.714,140.4135301
9,TBOX4,46,-5,-2,0.994,5228.52,-127.089,-63.213,141.94188
9,TBOX4,47,-3,-2,0.995,5431.79,-79.213,-63.215,101.3451311
9,TBOX4,48,-1,-2,0.996,5446.4,-31.313,-63.211,70.54172163
9,TBOX4,49,1,-2,0.995,5434.24,16.59,-63.23,65.37018434
9,TBOX4,50,3,-2,0.996,5397.16,64.483,-63.207,90.29497294
9,TBOX4,51,5,-2,0.991,5365.4,112.364,-63.191,128.9138122
9,TBOX4,52,-4,-3,0.993,5200.91,-103.165,-92.689,138.6876633
9,TBOX4,53,-2,-3,0.994,5497.72,-55.264,-92.693,107.9171068
9,TBOX4,54,0,-3,0.994,5399.61,-7.354,-92.708,92.99921817
9,TBOX4,55,2,-3,0.994,5414.68,40.538,-92.686,101.1633532
9,TBOX4,56,4,-3,0.992,5336.23,88.416,-92.665,128.0788479
9,TBOX4,57,5,-3,0.988,5577.27,112.353,-92.651,145.6276224
9,TBOX4,58,-3,-4,0.988,5416.28,-79.216,-122.169,145.6037061
9,TBOX4,59,-2,-4,0.989,5395.53,-55.263,-122.193,134.1086441
9,TBOX4,60,-1,-4,0.991,5460.52,-31.304,-122.192,126.1381199
9,TBOX4,61,0,-4,0.99,5437.83,-7.356,-122.184,122.4052311
9,TBOX4,62,1,-4,0.991,5418.13,16.594,-122.168,123.2898255
9,TBOX4,63,2,-4,0.99,5341.09,40.536,-122.164,128.7136752
9,TBOX4,64,3,-4,0.988,5210.48,64.466,-122.148,138.11589
9,TBOX3,1,-1,5,0.96,3747.44,-31.41,143.18,146.5847895
9,TBOX3,2,0,5,0.957,3719.47,-7.47,143.17,143.3647439
9,TBOX3,3,1,5,0.959,3822.8,16.476,143.162,144.1069631
9,TBOX3,4,-3,4,0.971,3584.73,-79.296,113.699,138.6193284
9,TBOX3,5,-2,4,0.978,3601.13,-55.355,113.695,126.4544544
9,TBOX3,6,-1,4,0.98,3601.13,-31.414,113.683,117.9434775
9,TBOX3,7,0,4,0.981,3597.29,-7.471,113.682,113.9272266
9,TBOX3,8,1,4,0.981,3612.77,16.475,113.684,114.8715695
9,TBOX3,9,2,4,0.98,3633.68,40.416,113.673,120.6441212
9,TBOX3,10,3,4,0.977,3592.72,64.353,113.673,130.624881
9,TBOX3,11,4,4,0.936,2435.67,88.284,113.673,143.9292034
9,TBOX3,12,-4,3,0.975,3613.65,-103.244,84.217,133.235981
9,TBOX3,13,-2,3,0.983,3528.66,-55.356,84.202,100.7683658
9,TBOX3,14,0,3,0.983,3463.43,-7.468,84.192,84.52256437
9,TBOX3,15,2,3,0.984,3484.99,40.408,84.198,93.39223559
9,TBOX3,16,4,3,0.978,3672.98,88.288,84.198,122.0003039
9,TBOX3,17,5,3,0.968,3683.87,112.23,84.198,140.3028015
9,TBOX3,18,-5,2,0.968,3776.16,-127.195,54.73,138.4700001
9,TBOX3,19,-3,2,0.985,3531.31,-79.303,54.721,96.35016165
9,TBOX3,20,-1,2,0.98,3528.21,-31.413,54.714,63.09039836
9,TBOX3,21,1,2,0.98,3548.47,16.459,54.71,57.1321519
9,TBOX3,22,3,2,0.983,3454.34,64.343,54.719,84.46413801
9,TBOX3,23,5,2,0.978,3679.57,112.238,54.699,124.8573155
9,TBOX3,24,6,2,0.958,3703.94,136.189,54.7,146.7635299
9,TBOX3,25,-5,1,0.976,3619.73,-127.203,25.246,129.684092
9,TBOX3,26,-4,1,0.981,3628.54,-103.255,25.235,106.2939333
9,TBOX3,27,-2,1,0.98,3556.25,-55.36,25.234,60.83982541
9,TBOX3,28,0,1,0.971,3833.34,-7.482,25.231,26.31698472
9,TBOX3,29,2,1,0.976,3660.04,40.399,25.234,47.63227852
9,TBOX3,30,4,1,0.983,3508.63,88.292,25.215,91.82196627
9,TBOX3,31,6,1,0.971,3518.09,136.196,25.228,138.512824
9,TBOX3,32,-5,0,0.978,3625.34,-127.209,-4.246,127.2798421
9,TBOX3,33,-3,0,0.983,3514.46,-79.309,-4.255,79.42306029
9,TBOX3,34,-1,0,0.972,3802.61,-31.433,-4.248,31.71874829
9,TBOX3,35,1,0,0.971,3857.11,16.46,-4.242,16.99782821
9,TBOX3,36,3,0,0.98,3549.81,64.354,-4.271,64.49557161
9,TBOX3,37,5,0,0.977,3690.44,112.247,-4.253,112.3275435
9,TBOX3,38,6,0,0.971,3623.52,136.194,-4.236,136.2598596
9,TBOX3,39,-5,-1,0.977,3599.27,-127.206,-33.725,131.6006917
9,TBOX3,40,-4,-1,0.981,3637.35,-103.258,-33.737,108.6296448
9,TBOX3,41,-2,-1,0.98,3540.89,-55.383,-33.733,64.84745159
9,TBOX3,42,0,-1,0.972,3779.27,-7.488,-33.724,34.54530822
9,TBOX3,43,2,-1,0.977,3625.39,40.415,-33.744,52.65006896
9,TBOX3,44,4,-1,0.981,3520.9,88.306,-33.731,94.52899025
9,TBOX3,45,6,-1,0.966,3719.72,136.185,-33.714,140.2960727
9,TBOX3,46,-5,-2,0.944,5235.23,-127.209,-63.213,142.0493332
9,TBOX3,47,-3,-2,0.983,3569.58,-79.333,-63.213,101.4377063
9,TBOX3,48,-1,-2,0.98,3549.06,-31.436,-63.21,70.59551116
9,TBOX3,49,1,-2,0.98,3539.71,16.47,-63.226,65.33596235
9,TBOX3,50,3,-2,0.982,3533.99,64.363,-63.206,90.20861492
9,TBOX3,51,5,-2,0.975,3658.01,112.241,-63.188,128.8051452
9,TBOX3,52,-4,-3,0.977,3510.08,-103.283,-92.69,138.7761298
9,TBOX3,53,-2,-3,0.981,3675.34,-55.384,-92.69,107.9760323
9,TBOX3,54,0,-3,0.983,3520.51,-7.475,-92.708,93.00886457
9,TBOX3,55,2,-3,0.983,3576.26,40.416,-92.686,101.1145274
9,TBOX3,56,4,-3,0.976,3645.1,88.296,-92.665,127.9960384
9,TBOX3,57,5,-3,0.901,4136.93,112.234,-92.65,145.5351959
9,TBOX3,58,-3,-4,0.97,3792.85,-79.336,-122.169,145.6690271
9,TBOX3,59,-2,-4,0.976,3654.41,-55.383,-122.193,134.1581378
9,TBOX3,60,-1,-4,0.978,3689.06,-31.425,-122.188,126.1643292
9,TBOX3,61,0,-4,0.978,3677.65,-7.476,-122.183,122.411503
9,TBOX3,62,1,-4,0.978,3665.57,16.474,-122.168,123.2737316
9,TBOX3,63,2,-4,0.977,3630.95,40.416,-122.163,128.6749845
9,TBOX3,64,3,-4,0.942,5183.95,64.346,-122.144,138.0563814
10,TBOX4,1,-1,5,0.993,5302.95,-31.243,143.262,146.6292116
10,TBOX4,2,0,5,0.992,5284.54,-7.301,143.252,143.4379312
10,TBOX4,3,1,5,0.993,5266.26,16.645,143.247,144.2108146
10,TBOX4,4,-3,4,0.995,5204.28,-79.129,113.782,138.5919989
10,TBOX4,5,-2,4,0.996,5238.28,-55.188,113.775,126.4534142
10,TBOX4,6,-1,4,0.997,5283.32,-31.245,113.766,117.9786115
10,TBOX4,7,0,4,0.997,5326.08,-7.304,113.766,114.0002244
10,TBOX4,8,1,4,0.997,5332.49,16.645,113.764,114.9752309
10,TBOX4,9,2,4,0.997,5321.11,40.585,113.756,120.7790121
10,TBOX4,10,3,4,0.995,5241.21,64.52,113.759,130.7820342
10,TBOX4,11,4,4,0.991,5276.31,88.453,113.757,144.0992306
10,TBOX4,12,-4,3,0.994,5253.53,-103.076,84.304,133.1609034
10,TBOX4,13,-2,3,0.998,5264.99,-55.189,84.284,100.7453144
10,TBOX4,14,0,3,0.998,5185.37,-7.299,84.276,84.59148643
10,TBOX4,15,2,3,0.998,5229.14,40.574,84.28,93.53805576
10,TBOX4,16,4,3,0.994,5369.1,88.457,84.28,122.1792096
10,TBOX4,17,5,3,0.987,5225.04,112.399,84.278,140.486001
10,TBOX4,18,-5,2,0.991,5289.76,-127.026,54.816,138.3488292
10,TBOX4,19,-3,2,0.999,5290.44,-79.134,54.807,96.26004989
10,TBOX4,20,-1,2,0.998,5278.74,-31.243,54.797,63.07801723
10,TBOX4,21,1,2,0.998,5276.09,16.629,54.792,57.25981929
10,TBOX4,22,3,2,0.997,5231.76,64.513,54.802,84.6474239
10,TBOX4,23,5,2,0.992,5347.49,112.408,54.78,125.0456191
10,TBOX4,25,-5,1,0.994,5263.72,-127.033,25.328,129.5333574
10,TBOX4,26,-4,1,0.997,5344.92,-103.088,25.321,106.1521963
10,TBOX4,27,-2,1,0.999,5318.38,-55.191,25.314,60.71939622
10,TBOX4,28,0,1,0.997,5516.02,-7.316,25.315,26.35095977
10,TBOX4,29,2,1,0.997,5355.65,40.569,25.316,47.81990817
10,TBOX4,30,4,1,0.996,5223.97,88.462,25.297,92.00795429
10,TBOX4,31,6,1,0.988,5226.5,136.364,25.309,138.6927755
10,TBOX4,32,-5,0,0.995,5314.06,-127.04,-4.162,127.1081581
10,TBOX4,33,-3,0,0.999,5261.52,-79.142,-4.169,79.25173011
10,TBOX4,34,-1,0,0.997,5490.59,-31.263,-4.166,31.53935201
10,TBOX4,35,1,0,0.996,5524.01,16.629,-4.162,17.14193353
10,TBOX4,36,3,0,0.997,5252.24,64.522,-4.187,64.65770993
10,TBOX4,37,5,0,0.993,5321.67,112.415,-4.168,112.4922417
10,TBOX4,38,6,0,0.987,5212.73,136.363,-4.156,136.4263175
10,TBOX4,39,-5,-1,0.996,5258.79,-127.04,-33.64,131.4184584
10,TBOX4,40,-4,-1,0.997,5325.08,-103.092,-33.654,108.4460796
10,TBOX4,41,-2,-1,0.998,5306.44,-55.215,-33.65,64.66079744
10,TBOX4,42,0,-1,0.996,5481.06,-7.321,-33.641,34.42838832
10,TBOX4,43,2,-1,0.998,5311.74,40.583,-33.663,52.72738812
10,TBOX4,44,4,-1,0.995,5235.73,88.475,-33.648,94.65734799
10,TBOX4,45,6,-1,0.987,5136.77,136.352,-33.631,140.4382856
10,TBOX4,46,-5,-2,0.995,5206.83,-127.039,-63.132,141.861048
10,TBOX4,47,-3,-2,0.996,5297.12,-79.166,-63.129,101.2547589
10,TBOX4,48,-1,-2,0.997,5300.48,-31.269,-63.125,70.44512748
10,TBOX4,49,1,-2,0.996,5271.28,16.635,-63.144,65.29845298
10,TBOX4,50,3,-2,0.996,5241.76,64.53,-63.121,90.26838617
10,TBOX4,51,5,-2,0.99,5257.92,112.406,-63.105,128.9083002
10,TBOX4,52,-4,-3,0.994,5164.22,-103.118,-92.606,138.5972336
10,TBOX4,53,-2,-3,0.994,5356.1,-55.217,-92.609,107.8208884
10,TBOX4,54,0,-3,0.994,5272.91,-7.307,-92.628,92.91576095
10,TBOX4,55,2,-3,0.994,5261.6,40.585,-92.606,101.1089188
10,TBOX4,56,4,-3,0.99,5247.87,88.463,-92.584,128.0527213
10,TBOX4,57,5,-3,0.989,5160.75,112.402,-92.565,145.6107442
10,TBOX4,58,-3,-4,0.989,5424.1,-79.169,-122.086,145.5084944
10,TBOX4,59,-2,-4,0.989,5290.57,-55.216,-122.108,134.011829
10,TBOX4,60,-1,-4,0.991,5327.37,-31.26,-122.107,126.0448613
10,TBOX4,61,0,-4,0.989,5353.32,-7.31,-122.099,122.3176271
10,TBOX4,62,1,-4,0.99,5339.54,16.638,-122.086,123.2145058
10,TBOX4,63,2,-4,0.989,5246.77,40.582,-122.08,128.6484556
10,TBOX4,64,3,-4,0.986,5127.65,64.513,-122.063,138.0626783
10,TBOX3,1,-1,5,0.974,3670.13,-31.364,143.266,146.6589488
10,TBOX3,2,0,5,0.97,3622.47,-7.424,143.255,143.4472405
10,TBOX3,3,1,5,0.969,3559.21,16.522,143.247,144.1966695
10,TBOX3,4,-3,4,0.978,3457.88,-79.25,113.782,138.6611194
10,TBOX3,5,-2,4,0.982,3458.13,-55.31,113.777,126.508505
10,TBOX3,6,-1,4,0.984,3475.1,-31.366,113.769,118.0136065
10,TBOX3,7,0,4,0.984,3483.45,-7.425,113.765,114.007043
10,TBOX3,8,1,4,0.985,3491.69,16.522,113.767,114.9604574
10,TBOX3,9,2,4,0.982,3507.28,40.465,113.756,120.7387418
10,TBOX3,10,3,4,0.979,3479.95,64.4,113.759,130.7228751
10,TBOX3,11,4,4,0.963,3768.39,88.332,113.756,144.0241985
10,TBOX3,12,-4,3,0.979,3518.43,-103.196,84.304,133.2538136
10,TBOX3,13,-2,3,0.985,3371.11,-55.31,84.287,100.8141581
10,TBOX3,14,0,3,0.985,3229.21,-7.422,84.279,84.6051767
10,TBOX3,15,2,3,0.985,3319.79,40.454,84.281,93.48696742
10,TBOX3,16,4,3,0.981,3558.5,88.336,84.284,122.0943961
10,TBOX3,17,5,3,0.943,5200.72,112.278,84.282,140.3916123
10,TBOX3,18,-5,2,0.973,3634.27,-127.146,54.816,138.4590162
10,TBOX3,19,-3,2,0.985,3396.1,-79.255,54.807,96.35954688
10,TBOX3,20,-1,2,0.982,3351.12,-31.364,54.8,63.1406406
10,TBOX3,21,1,2,0.982,3404.31,16.508,54.795,57.22766891
10,TBOX3,22,3,2,0.984,3332.84,64.392,54.805,84.55718591
10,TBOX3,23,5,2,0.98,3565.64,112.288,54.781,124.9381963
10,TBOX3,24,6,2,0.919,5243.47,136.238,54.784,146.8403191
10,TBOX3,25,-5,1,0.98,3530.01,-127.156,25.329,129.6541807
10,TBOX3,26,-4,1,0.984,3498.34,-103.208,25.321,106.2687363
10,TBOX3,27,-2,1,0.983,3386.02,-55.314,25.317,60.83246736
10,TBOX3,28,0,1,0.975,3660.14,-7.436,25.315,26.38452806
10,TBOX3,29,2,1,0.979,3508.18,40.448,25.319,47.71889002
10,TBOX3,30,4,1,0.983,3371.38,88.34,25.298,91.89093755
10,TBOX3,31,6,1,0.973,3510.93,136.242,25.312,138.5733737
10,TBOX3,32,-5,0,0.981,3537.19,-127.159,-4.16,127.2270289
10,TBOX3,33,-3,0,0.984,3332.47,-79.262,-4.169,79.37156421
10,TBOX3,34,-1,0,0.976,3640.35,-31.384,-4.163,31.6589012
10,TBOX3,35,1,0,0.974,3696.75,16.508,-4.159,17.02384636
10,TBOX3,36,3,0,0.981,3381.14,64.399,-4.185,64.53483885
10,TBOX3,37,5,0,0.98,3543.9,112.294,-4.169,112.371362
10,TBOX3,38,6,0,0.973,3495.05,136.242,-4.153,136.3052823
10,TBOX3,39,-5,-1,0.981,3517.73,-127.159,-33.639,131.5332414
10,TBOX3,40,-4,-1,0.984,3519.78,-103.21,-33.651,108.55733
10,TBOX3,41,-2,-1,0.982,3396.3,-55.338,-33.647,64.7643023
10,TBOX3,42,0,-1,0.976,3631.25,-7.442,-33.641,34.45432114
10,TBOX3,43,2,-1,0.979,3465.41,40.462,-33.661,52.63303492
10,TBOX3,44,4,-1,0.982,3389.07,88.353,-33.647,94.54297022
10,TBOX3,45,6,-1,0.97,3485.3,136.232,-33.631,140.3217802
10,TBOX3,46,-5,-2,0.978,3591.52,-127.16,-63.129,141.9680818
10,TBOX3,47,-3,-2,0.985,3437.78,-79.286,-63.128,101.3479856
10,TBOX3,48,-1,-2,0.983,3385.95,-31.389,-63.124,70.49757937
10,TBOX3,49,1,-2,0.982,3366.41,16.514,-63.14,65.26386286
10,TBOX3,50,3,-2,0.982,3376.94,64.409,-63.119,90.18052696
10,TBOX3,51,5,-2,0.976,3563.44,112.288,-63.104,128.8049291
10,TBOX3,52,-4,-3,0.978,3512.94,-103.237,-92.604,138.6844583
10,TBOX3,53,-2,-3,0.984,3540.58,-55.338,-92.609,107.8829047
10,TBOX3,54,0,-3,0.985,3390.82,-7.428,-92.624,92.92136762
10,TBOX3,55,2,-3,0.984,3419.37,40.464,-92.603,101.0576613
10,TBOX3,56,4,-3,0.976,3579.17,88.342,-92.581,127.96699
10,TBOX3,57,5,-3,0.944,3737.64,112.28,-92.566,145.5172249
10,TBOX3,58,-3,-4,0.971,3835.15,-79.29,-122.082,145.5710096
10,TBOX3,59,-2,-4,0.978,3579.31,-55.336,-122.108,134.0613164
10,TBOX3,60,-1,-4,0.981,3580.01,-31.38,-122.104,126.0717701
10,TBOX3,61,0,-4,0.981,3582.96,-7.43,-122.098,122.3238591
10,TBOX3,62,1,-4,0.981,3580.9,16.518,-122.085,123.1973683
10,TBOX3,63,2,-4,0.978,3558.67,40.462,-122.079,128.6097029
10,TBOX3,64,3,-4,0.97,3578.2,64.392,-122.063,138.0061797
11,TBOX4,1,-1,5,0.991,5479.86,-31.291,143.254,146.631631
11,TBOX4,2,0,5,0.992,5411.83,-7.351,143.243,143.4314967
11,TBOX4,3,1,5,0.993,5359.37,16.597,143.234,144.1923686
11,TBOX4,4,-3,4,0.992,5430.07,-79.179,113.769,138.6098821
11,TBOX4,5,-2,4,0.994,5451.8,-55.233,113.766,126.4649637
11,TBOX4,6,-1,4,0.996,5506.96,-31.295,113.754,117.980293
11,TBOX4,7,0,4,0.996,5526.44,-7.35,113.754,113.9912059
11,TBOX4,8,1,4,0.996,5532.98,16.596,113.755,114.9592417
11,TBOX4,9,2,4,0.996,5505.98,40.535,113.744,120.7509162
11,TBOX4,10,3,4,0.994,5455.36,64.47,113.748,130.7478046
11,TBOX4,11,4,4,0.991,5588.36,88.403,113.746,144.0598588
11,TBOX4,12,-4,3,0.991,5451.01,-103.123,84.291,133.1890604
11,TBOX4,13,-2,3,0.996,5474.84,-55.236,84.272,100.7610325
11,TBOX4,14,0,3,0.998,5427.68,-7.347,84.266,84.58567943
11,TBOX4,15,2,3,0.997,5414.06,40.525,84.268,93.50599686
11,TBOX4,16,4,3,0.993,5573.32,88.408,84.272,122.1382186
11,TBOX4,17,5,3,0.986,5509.27,112.351,84.268,140.4416001
11,TBOX4,18,-5,2,0.989,5403.03,-127.073,54.805,138.3876272
11,TBOX4,19,-3,2,0.997,5519.65,-79.184,54.794,96.2937604
11,TBOX4,20,-1,2,0.997,5530.48,-31.292,54.787,63.09361801
11,TBOX4,21,1,2,0.998,5497.73,16.581,54.783,57.23728374
11,TBOX4,22,3,2,0.997,5429.25,64.463,54.792,84.60284648
11,TBOX4,23,5,2,0.992,5541.82,112.36,54.768,124.9972137
11,TBOX4,25,-5,1,0.992,5483.82,-127.083,25.321,129.5810246
11,TBOX4,26,-4,1,0.997,5552,-103.131,25.309,106.1910949
11,TBOX4,27,-2,1,0.998,5532.81,-55.239,25.304,60.75886386
11,TBOX4,28,0,1,0.995,5749.72,-7.361,25.304,26.35292654
11,TBOX4,29,2,1,0.997,5579,40.517,25.308,47.77156218
11,TBOX4,30,4,1,0.996,5434.44,88.418,25.284,91.96207577
11,TBOX4,31,6,1,0.988,5455.67,136.315,25.302,138.6433209
11,TBOX4,32,-5,0,0.994,5514.53,-127.086,-4.174,127.1545267
11,TBOX4,33,-3,0,0.998,5481.79,-79.191,-4.18,79.30124136
11,TBOX4,34,-1,0,0.996,5753.45,-31.315,-4.174,31.59195311
11,TBOX4,35,1,0,0.995,5766.66,16.581,-4.17,17.09732321
11,TBOX4,36,3,0,0.997,5486.62,64.474,-4.198,64.61052453
11,TBOX4,37,5,0,0.994,5549.03,112.368,-4.178,112.4456451
11,TBOX4,38,6,0,0.988,5463.94,136.315,-4.164,136.3785838
11,TBOX4,39,-5,-1,0.994,5412.67,-127.085,-33.654,131.4655428
11,TBOX4,40,-4,-1,0.996,5522.81,-103.136,-33.666,108.4916313
11,TBOX4,41,-2,-1,0.997,5532.8,-55.263,-33.662,64.70803206
11,TBOX4,42,0,-1,0.995,5717.37,-7.37,-33.654,34.45154011
11,TBOX4,43,2,-1,0.998,5581,40.533,-33.67,52.69338658
11,TBOX4,44,4,-1,0.996,5445.83,88.427,-33.66,94.6167529
11,TBOX4,45,6,-1,0.988,5386.58,136.302,-33.64,140.3918972
11,TBOX4,46,-5,-2,0.994,5359.01,-127.088,-63.14,141.9084893
11,TBOX4,47,-3,-2,0.996,5503.24,-79.21,-63.141,101.2966435
11,TBOX4,48,-1,-2,0.996,5549.01,-31.316,-63.138,70.47764823
11,TBOX4,49,1,-2,0.995,5535.7,16.589,-63.156,65.2983557
11,TBOX4,50,3,-2,0.996,5416.63,64.483,-63.133,90.24318799
11,TBOX4,51,5,-2,0.991,5432.74,112.362,-63.116,128.8753215
11,TBOX4,52,-4,-3,0.992,5332.83,-103.164,-92.618,138.6394779
11,TBOX4,53,-2,-3,0.994,5572.01,-55.263,-92.62,107.8538992
11,TBOX4,54,0,-3,0.994,5474.03,-7.356,-92.638,92.92959582
11,TBOX4,55,2,-3,0.993,5461.23,40.535,-92.614,101.096188
11,TBOX4,56,4,-3,0.99,5408.6,88.413,-92.592,128.0239705
11,TBOX4,57,5,-3,0.988,5412.49,112.353,-92.578,145.5811894
11,TBOX4,58,-3,-4,0.987,5559.08,-79.216,-122.095,145.5416218
11,TBOX4,59,-2,-4,0.988,5469.17,-55.263,-122.12,134.0421336
11,TBOX4,60,-1,-4,0.99,5547.05,-31.307,-122.117,126.0662125
11,TBOX4,61,0,-4,0.991,5526.23,-7.355,-122.111,122.332303
11,TBOX4,62,1,-4,0.991,5519.84,16.593,-122.096,123.2183463
11,TBOX4,63,2,-4,0.989,5412.45,40.536,-122.09,128.6434429
11,TBOX4,64,3,-4,0.988,5320.31,64.463,-122.076,138.0508173
11,TBOX3,1,-1,5,0.961,3934.22,-31.411,143.255,146.6582625
11,TBOX3,2,0,5,0.958,3864.8,-7.471,143.244,143.4386955
11,TBOX3,3,1,5,0.961,3804.4,16.476,143.234,144.1784912
11,TBOX3,4,-3,4,0.964,3837.37,-79.297,113.771,138.6789625
11,TBOX3,5,-2,4,0.98,3661.45,-55.353,113.766,126.5174192
11,TBOX3,6,-1,4,0.982,3677.42,-31.413,113.758,118.0155038
11,TBOX3,7,0,4,0.984,3691.28,-7.471,113.757,114.0020653
11,TBOX3,8,1,4,0.983,3702.06,16.476,113.756,114.942969
11,TBOX3,9,2,4,0.982,3718.99,40.416,113.746,120.7129056
11,TBOX3,10,3,4,0.98,3669.33,64.349,113.749,130.6890539
11,TBOX3,11,4,4,0.964,4015.61,88.283,113.747,143.9870414
11,TBOX3,12,-4,3,0.974,3723.4,-103.245,84.293,133.2848074
11,TBOX3,13,-2,3,0.987,3606.12,-55.357,84.273,100.8282499
11,TBOX3,14,0,3,0.986,3499.85,-7.47,84.267,84.59744789
11,TBOX3,15,2,3,0.986,3544.07,40.406,84.272,93.45809125
11,TBOX3,16,4,3,0.98,3756.58,88.288,84.272,122.0513864
11,TBOX3,17,5,3,0.969,3829.1,112.232,84.27,140.347621
11,TBOX3,18,-5,2,0.964,3811.35,-127.193,54.805,138.4978241
11,TBOX3,19,-3,2,0.986,3620.44,-79.303,54.798,96.39391378
11,TBOX3,20,-1,2,0.983,3602.09,-31.413,54.787,63.15371674
11,TBOX3,21,1,2,0.982,3601.34,16.46,54.784,57.20330634
11,TBOX3,22,3,2,0.987,3519.37,64.343,54.793,84.51209676
11,TBOX3,23,5,2,0.98,3731.75,112.239,54.771,124.8897736
11,TBOX3,24,6,2,0.959,4134.68,136.194,54.773,146.7953922
11,TBOX3,25,-5,1,0.976,3710.24,-127.203,25.321,129.6987134
11,TBOX3,26,-4,1,0.984,3706.82,-103.255,25.308,106.3112877
11,TBOX3,27,-2,1,0.985,3622.15,-55.361,25.306,60.87063296
11,TBOX3,28,0,1,0.974,3836.79,-7.482,25.304,26.3869805
11,TBOX3,29,2,1,0.98,3662.34,40.397,25.309,47.67035861
11,TBOX3,30,4,1,0.986,3579.23,88.296,25.288,91.84588483
11,TBOX3,31,6,1,0.97,3783.32,136.195,25.303,138.5255205
11,TBOX3,32,-5,0,0.978,3726.57,-127.205,-4.173,127.2734299
11,TBOX3,33,-3,0,0.987,3574.76,-79.311,-4.179,79.42102217
11,TBOX3,34,-1,0,0.976,3820.1,-31.433,-4.175,31.70905413
11,TBOX3,35,1,0,0.973,3844.78,16.46,-4.17,16.98000294
11,TBOX3,36,3,0,0.984,3576.24,64.353,-4.195,64.48958547
11,TBOX3,37,5,0,0.979,3730.29,112.247,-4.177,112.3246916
11,TBOX3,38,6,0,0.972,3752.9,136.195,-4.164,136.2586398
11,TBOX3,39,-5,-1,0.978,3653.67,-127.206,-33.654,131.5825146
11,TBOX3,40,-4,-1,0.984,3686.53,-103.257,-33.663,108.6057347
11,TBOX3,41,-2,-1,0.986,3578.05,-55.383,-33.661,64.81002708
11,TBOX3,42,0,-1,0.979,3760.02,-7.491,-33.651,34.47469916
11,TBOX3,43,2,-1,0.981,3650.97,40.413,-33.669,52.60049553
11,TBOX3,44,4,-1,0.984,3592.3,88.308,-33.656,94.50412266
11,TBOX3,45,6,-1,0.963,3811.6,136.182,-33.636,140.2744368
11,TBOX3,46,-5,-2,0.967,3798.48,-127.208,-63.139,142.0155223
11,TBOX3,47,-3,-2,0.986,3636.92,-79.33,-63.141,101.3905064
11,TBOX3,48,-1,-2,0.988,3571.69,-31.435,-63.134,70.52702447
11,TBOX3,49,1,-2,0.986,3583.08,16.469,-63.156,65.26797298
11,TBOX3,50,3,-2,0.985,3550.41,64.363,-63.133,90.15748143
11,TBOX3,51,5,-2,0.977,3696.43,112.241,-63.115,128.7693492
11,TBOX3,52,-4,-3,0.973,3661.72,-103.283,-92.619,138.7287182
11,TBOX3,53,-2,-3,0.984,3704.44,-55.387,-92.619,107.9166295
11,TBOX3,54,0,-3,0.988,3571.34,-7.476,-92.639,92.94016837
11,TBOX3,55,2,-3,0.985,3590.98,40.415,-92.613,101.0472167
11,TBOX3,56,4,-3,0.977,3683,88.293,-92.591,127.9404046
11,TBOX3,57,5,-3,0.897,3977.72,112.231,-92.575,145.485147
11,TBOX3,58,-3,-4,0.958,4020.27,-79.337,-122.095,145.6075156
11,TBOX3,59,-2,-4,0.976,3702.93,-55.385,-122.121,134.0933886
11,TBOX3,60,-1,-4,0.979,3724.88,-31.427,-122.117,126.0960666
11,TBOX3,61,0,-4,0.98,3723.48,-7.476,-122.11,122.3386393
11,TBOX3,62,1,-4,0.98,3707.03,16.473,-122.096,123.2022441
11,TBOX3,63,2,-4,0.978,3670.99,40.414,-122.088,128.6031537
11,TBOX3,64,3,-4,0.969,3716.19,64.345,-122.073,137.9931026
12,TBOX4,1,-1,5,0.992,5422.25,-31.434,143.248,146.6563529
12,TBOX4,2,0,5,0.991,5417.69,-7.493,143.237,143.4328526
12,TBOX4,3,1,5,0.992,5328.69,16.453,143.231,144.1728843
12,TBOX4,4,-3,4,0.994,5217.86,-79.321,113.765,138.6877654
12,TBOX4,5,-2,4,0.996,5282.49,-55.376,113.76,126.5220889
12,TBOX4,6,-1,4,0.997,5309,-31.436,113.75,118.013917
12,TBOX4,7,0,4,0.997,5338.7,-7.493,113.75,113.9965243
12,TBOX4,8,1,4,0.997,5328.45,16.452,113.748,114.9316136
12,TBOX4,9,2,4,0.997,5361.66,40.393,113.742,120.7014375
12,TBOX4,10,3,4,0.994,5284.47,64.328,113.742,130.672622
12,TBOX4,11,4,4,0.991,5296.21,88.262,113.74,143.9686363
12,TBOX4,12,-4,3,0.994,5228.37,-103.266,84.286,133.2966487
12,TBOX4,13,-2,3,0.998,5307.5,-55.379,84.268,100.8361516
12,TBOX4,14,0,3,0.998,5248.79,-7.492,84.262,84.59441298
12,TBOX4,15,2,3,0.998,5274.25,40.386,84.262,93.4404283
12,TBOX4,16,4,3,0.992,5382.42,88.265,84.265,122.0299162
12,TBOX4,17,5,3,0.988,5346.69,112.209,84.264,140.3256262
12,TBOX4,18,-5,2,0.991,5188.54,-127.215,54.801,138.516446
12,TBOX4,19,-3,2,0.998,5315.19,-79.324,54.79,96.40664436
12,TBOX4,20,-1,2,0.998,5346.16,-31.432,54.78,63.15709797
12,TBOX4,21,1,2,0.997,5299.95,16.437,54.778,57.19094555
12,TBOX4,22,3,2,0.997,5257.25,64.319,54.788,84.49058353
12,TBOX4,23,5,2,0.992,5347.71,112.217,54.766,124.8678095
12,TBOX4,25,-5,1,0.994,5298.45,-127.224,25.314,129.7179431
12,TBOX4,26,-4,1,0.997,5365.84,-103.278,25.304,106.3326747
12,TBOX4,27,-2,1,0.998,5380.33,-55.383,25.299,60.88773349
12,TBOX4,28,0,1,0.997,5598.51,-7.506,25.3,26.38996089
12,TBOX4,29,2,1,0.997,5399.61,40.377,25.302,47.64969394
12,TBOX4,30,4,1,0.997,5259.07,88.274,25.28,91.82253251
12,TBOX4,31,6,1,0.989,5273.22,136.173,25.296,138.5026121
12,TBOX4,32,-5,0,0.995,5355.83,-127.227,-4.179,127.2956149
12,TBOX4,33,-3,0,0.999,5282.28,-79.33,-4.186,79.4403644
12,TBOX4,34,-1,0,0.997,5586.83,-31.454,-4.182,31.73079325
12,TBOX4,35,1,0,0.996,5628.42,16.438,-4.177,16.96040014
12,TBOX4,36,3,0,0.997,5306.24,64.332,-4.202,64.46908583
12,TBOX4,37,5,0,0.993,5397.66,112.224,-4.185,112.3020053
12,TBOX4,38,6,0,0.988,5262.3,136.17,-4.17,136.233835
12,TBOX4,39,-5,-1,0.995,5284.68,-127.229,-33.659,131.6060284
12,TBOX4,40,-4,-1,0.997,5357.55,-103.278,-33.67,108.6278702
12,TBOX4,41,-2,-1,0.998,5348.87,-55.407,-33.666,64.83313354
12,TBOX4,42,0,-1,0.996,5526.86,-7.513,-33.656,34.4843661
12,TBOX4,43,2,-1,0.998,5379.32,40.391,-33.678,52.58935791
12,TBOX4,44,4,-1,0.996,5280.18,88.286,-33.665,94.48677167
12,TBOX4,45,6,-1,0.988,5129.5,136.161,-33.644,140.2559683
12,TBOX4,46,-5,-2,0.995,5269.27,-127.232,-63.145,142.0396876
12,TBOX4,47,-3,-2,0.996,5332.92,-79.354,-63.147,101.4130215
12,TBOX4,48,-1,-2,0.997,5335.38,-31.458,-63.144,70.54622952
12,TBOX4,49,1,-2,0.996,5339.28,16.445,-63.159,65.26482442
12,TBOX4,50,3,-2,0.997,5241.69,64.342,-63.138,90.14599275
12,TBOX4,51,5,-2,0.992,5302.1,112.219,-63.122,128.7536052
12,TBOX4,52,-4,-3,0.993,5111.24,-103.308,-92.623,138.7500018
12,TBOX4,53,-2,-3,0.995,5395.39,-55.406,-92.624,107.9306732
12,TBOX4,54,0,-3,0.994,5302.79,-7.497,-92.642,92.94485017
12,TBOX4,55,2,-3,0.994,5262.69,40.396,-92.62,101.0460351
12,TBOX4,56,4,-3,0.991,5297.19,88.271,-92.596,127.9288422
12,TBOX4,57,5,-3,0.991,5183.03,112.211,-92.582,145.4741738
12,TBOX4,58,-3,-4,0.991,5165.41,-79.359,-122.1,145.6236962
12,TBOX4,59,-2,-4,0.99,5265.47,-55.409,-122.124,134.1060351
12,TBOX4,60,-1,-4,0.991,5375.07,-31.447,-122.122,126.1058948
12,TBOX4,61,0,-4,0.99,5382.97,-7.498,-122.116,122.3459744
12,TBOX4,62,1,-4,0.99,5334.21,16.448,-122.1,123.2028681
12,TBOX4,63,2,-4,0.989,5257.03,40.393,-122.094,128.6022523
12,TBOX4,64,3,-4,0.988,5245.25,64.323,-122.078,137.987269
12,TBOX3,1,-1,5,0.972,3794.78,-31.554,143.249,146.6830969
12,TBOX3,2,0,5,0.972,3671.29,-7.616,143.238,143.4403294
12,TBOX3,3,1,5,0.967,3625.33,16.33,143.23,144.1579058
12,TBOX3,4,-3,4,0.978,3416.15,-79.44,113.767,138.7575003
12,TBOX3,5,-2,4,0.981,3487.18,-55.5,113.76,126.5764101
12,TBOX3,6,-1,4,0.982,3499.7,-31.557,113.75,118.046206
12,TBOX3,7,0,4,0.982,3523.21,-7.613,113.751,114.0054725
12,TBOX3,8,1,4,0.983,3529.81,16.332,113.748,114.9144975
12,TBOX3,9,2,4,0.981,3565.12,40.272,113.743,120.6619411
12,TBOX3,10,3,4,0.979,3505.44,64.209,113.744,130.615823
12,TBOX3,11,4,4,0.972,3611.92,88.142,113.74,143.8950999
12,TBOX3,12,-4,3,0.978,3482.02,-103.387,84.286,133.3904103
12,TBOX3,13,-2,3,0.984,3477.95,-55.5,84.268,100.9026552
12,TBOX3,14,0,3,0.983,3388.27,-7.612,84.262,84.60512507
12,TBOX3,15,2,3,0.983,3438.86,40.266,84.263,93.38952792
12,TBOX3,16,4,3,0.98,3604.07,88.145,84.265,121.9431476
12,TBOX3,17,5,3,0.973,3646.28,112.086,84.266,140.2284927
12,TBOX3,18,-5,2,0.977,3427.96,-127.335,54.802,138.6270588
12,TBOX3,19,-3,2,0.984,3483.61,-79.445,54.789,96.50566069
12,TBOX3,20,-1,2,0.978,3497.86,-31.556,54.782,63.22063476
12,TBOX3,21,1,2,0.976,3530.64,16.317,54.779,57.15753082
12,TBOX3,22,3,2,0.981,3427.95,64.198,54.791,84.40045548
12,TBOX3,23,5,2,0.979,3589.34,112.096,54.767,124.7595187
12,TBOX3,24,6,2,0.954,3894.01,136.049,54.769,146.6593801
12,TBOX3,25,-5,1,0.979,3555.53,-127.345,25.314,129.836619
12,TBOX3,26,-4,1,0.983,3562.9,-103.398,25.304,106.4492312
12,TBOX3,27,-2,1,0.98,3526.87,-55.503,25.303,60.99856407
12,TBOX3,28,0,1,0.973,3728.04,-7.628,25.302,26.42683462
12,TBOX3,29,2,1,0.975,3608.55,40.256,25.302,47.54720539
12,TBOX3,30,4,1,0.981,3454.44,88.153,25.283,91.7070417
12,TBOX3,31,6,1,0.97,3641.8,136.052,25.297,138.3838318
12,TBOX3,32,-5,0,0.98,3579.56,-127.35,-4.177,127.4184831
12,TBOX3,33,-3,0,0.983,3433.52,-79.451,-4.186,79.56119655
12,TBOX3,34,-1,0,0.976,3699.06,-31.575,-4.179,31.85034797
12,TBOX3,35,1,0,0.972,3741.55,16.318,-4.178,16.84437022
12,TBOX3,36,3,0,0.978,3512.29,64.21,-4.201,64.34728045
12,TBOX3,37,5,0,0.979,3614.18,112.104,-4.182,112.1819769
12,TBOX3,38,6,0,0.972,3615.26,136.05,-4.167,136.1137994
12,TBOX3,39,-5,-1,0.98,3542.31,-127.349,-33.658,131.7217855
12,TBOX3,40,-4,-1,0.983,3565.79,-103.402,-33.67,108.7457701
12,TBOX3,41,-2,-1,0.98,3511.79,-55.527,-33.664,64.93467968
12,TBOX3,42,0,-1,0.976,3653.77,-7.634,-33.656,34.51093004
12,TBOX3,43,2,-1,0.975,3581.49,40.27,-33.675,52.4945571
12,TBOX3,44,4,-1,0.98,3487.02,88.166,-33.665,94.37465646
12,TBOX3,45,6,-1,0.973,3535.06,136.04,-33.643,140.138264
12,TBOX3,46,-5,-2,0.977,3590.77,-127.352,-63.145,142.1471876
12,TBOX3,47,-3,-2,0.984,3523.42,-79.475,-63.143,101.5052416
12,TBOX3,48,-1,-2,0.982,3453.62,-31.58,-63.142,70.5989275
12,TBOX3,49,1,-2,0.98,3461.44,16.323,-63.158,65.23322231
12,TBOX3,50,3,-2,0.98,3447.43,64.221,-63.138,90.05966847
12,TBOX3,51,5,-2,0.977,3613.83,112.101,-63.121,128.6502812
12,TBOX3,52,-4,-3,0.98,3381.77,-103.426,-92.621,138.8365482
12,TBOX3,53,-2,-3,0.983,3572.92,-55.526,-92.624,107.992324
12,TBOX3,54,0,-3,0.983,3427.74,-7.618,-92.641,92.95369172
12,TBOX3,55,2,-3,0.982,3454.18,40.272,-92.618,100.9946925
12,TBOX3,56,4,-3,0.978,3600.59,88.15,-92.596,127.8453821
12,TBOX3,57,5,-3,0.958,3692.98,112.091,-92.581,145.3809955
12,TBOX3,58,-3,-4,0.973,3555.5,-79.48,-122.097,145.6871573
12,TBOX3,59,-2,-4,0.979,3535.05,-55.526,-122.123,134.1535084
12,TBOX3,60,-1,-4,0.979,3612.49,-31.568,-122.123,126.1370911
12,TBOX3,61,0,-4,0.981,3586.99,-7.619,-122.113,122.3504554
12,TBOX3,62,1,-4,0.981,3570.21,16.328,-122.099,123.1859139
12,TBOX3,63,2,-4,0.979,3541.54,40.272,-122.093,128.5633487
12,TBOX3,64,3,-4,0.977,3575.47,64.202,-122.078,137.9309062
