site,wafer,time_dep,geh4,b2h6,XCoord,YCoord,GAMMA,THICK_SIGE,CONC_BORE,DOSE_BORE,sigeb_th,sigeb_conc,dose,SiGe25p free carriers gamma,SiGe25p free carriers doping,model_quality
1,1,350,690,125,0,-0.001,1160.9441,101.6132,116.0944,11.7967,101.6132,116.0944,11.7967,1160.9441,257.0574,0.0123
2,1,350,690,125,73.999,-14.8,1139.2299,128.2958,113.923,14.6158,128.2958,113.923,14.6158,1139.2299,198.4226,0.0129
3,1,350,690,125,29.6,-74.001,1132.6603,110.6792,113.266,12.5362,110.6792,113.266,12.5362,1132.6603,227.417,0.0124
4,1,350,690,125,-44.401,-59.199,1167.0649,114.8651,116.7065,13.4055,114.8651,116.7065,13.4055,1167.0649,225.321,0.0159
5,1,350,690,125,-74.001,14.801,1154.0609,81.1815,115.4061,9.3688,81.1815,115.4061,9.3688,1154.0609,316.6042,0.012
6,1,350,690,125,-29.599,74,1170.0858,116.0159,117.0086,13.5749,116.0159,117.0086,13.5749,1170.0858,223.2926,0.0151
7,1,350,690,125,44.399,59.2,1195.4558,190.9536,119.5456,22.8277,190.9536,119.5456,22.8277,1195.4558,136.2262,0.0202
8,1,350,690,125,118.4,-0.001,1213.585,132.6457,121.3585,16.0977,132.6457,121.3585,16.0977,1213.585,193.294,0.0186
9,1,350,690,125,103.599,-74.001,1209.037,148.0181,120.9037,17.8959,148.0181,120.9037,17.8959,1209.037,168.344,0.0174
10,1,350,690,125,44.398,-118.4,1203.9659,121.269,120.3966,14.6004,121.269,120.3966,14.6004,1203.9659,205.7172,0.0172
11,1,350,690,125,-44.4,-118.4,1196.0825,148.2113,119.6083,17.7273,148.2113,119.6083,17.7273,1196.0825,166.7153,0.0159
12,1,350,690,125,-103.6,-74,1228.8953,116.6782,122.8895,14.3385,116.6782,122.8895,14.3385,1228.8953,215.4175,0.0179
13,1,350,690,125,-118.4,0,1225.613,132.3679,122.5613,16.2232,132.3679,122.5613,16.2232,1225.613,191.7461,0.0191
14,1,350,690,125,-103.599,74,1191.651,134.1236,119.1651,15.9828,134.1236,119.1651,15.9828,1191.651,188.5197,0.0178
15,1,350,690,125,-44.4,118.4,1182.6534,100.4732,118.2654,11.8825,100.4732,118.2654,11.8825,1182.6534,250.8498,0.0122
16,1,350,690,125,44.399,118.4,1158.233,100.0726,115.8233,11.5907,100.0726,115.8233,11.5907,1158.233,254.0417,0.0136
17,1,350,690,125,103.601,74,1191.0448,108.2786,119.1045,12.8965,108.2786,119.1045,12.8965,1191.0448,235.8914,0.0176
1,2,425,560,125,0,-0.001,1340.9701,110.7836,134.097,14.8558,110.7836,134.097,14.8558,1340.9701,218.9478,0.0103
2,2,425,560,125,74,-14.8,1352.7814,147.5634,135.2781,19.9621,147.5634,135.2781,19.9621,1352.7814,159.3164,0.0146
3,2,425,560,125,29.6,-74.001,1398.4663,142.6645,139.8466,19.9512,142.6645,139.8466,19.9512,1398.4663,166.1914,0.0146
4,2,425,560,125,-44.4,-59.198,1395.6664,129.766,139.5666,18.111,129.766,139.5666,18.111,1395.6664,182.9004,0.0153
5,2,425,560,125,-74.001,14.801,1427.3025,113.0309,142.7303,16.1329,113.0309,142.7303,16.1329,1427.3025,215.4577,0.0135
6,2,425,560,125,-29.599,74,1404.3782,125.8235,140.4378,17.6704,125.8235,140.4378,17.6704,1404.3782,191.9325,0.0128
7,2,425,560,125,44.4,59.2,1320.8767,116.027,132.0877,15.3257,116.027,132.0877,15.3257,1320.8767,203.3011,0.0104
8,2,425,560,125,118.401,-0.001,1442.5963,129.9383,144.2596,18.7449,129.9383,144.2596,18.7449,1442.5963,183.4069,0.0162
9,2,425,560,125,103.601,-74.002,1403.6919,137.4036,140.3692,19.2872,137.4036,140.3692,19.2872,1403.6919,166.8992,0.0159
10,2,425,560,125,44.399,-118.4,1419.2523,131.4971,141.9252,18.6628,131.4971,141.9252,18.6628,1419.2523,174.9044,0.0167
11,2,425,560,125,-44.402,-118.4,1351.7634,126.853,135.1763,17.1475,126.853,135.1763,17.1475,1351.7634,175.2173,0.0131
12,2,425,560,125,-103.6,-74,1420.8838,124.3073,142.0884,17.6626,124.3073,142.0884,17.6626,1420.8838,188.0764,0.0165
13,2,425,560,125,-118.4,0.001,1392.4772,135.8725,139.2477,18.9199,135.8725,139.2477,18.9199,1392.4772,171.6227,0.0169
14,2,425,560,125,-103.6,73.999,1360.2761,124.28,136.0276,16.9055,124.28,136.0276,16.9055,1360.2761,187.439,0.0162
15,2,425,560,125,-44.4,118.4,1401.3322,139.4659,140.1332,19.5438,139.4659,140.1332,19.5438,1401.3322,169.9649,0.0164
16,2,425,560,125,44.4,118.4,1391.1602,126.1553,139.116,17.5502,126.1553,139.116,17.5502,1391.1602,186.5518,0.015
17,2,425,560,125,103.601,74,1410.959,120.8274,141.0959,17.0483,120.8274,141.0959,17.0483,1410.959,193.4996,0.0111
1,3,500,690,125,-0.001,-0.001,1098.6635,148.778,109.8663,16.3457,148.778,109.8663,16.3457,1098.6635,257.4893,0.0095
2,3,500,690,125,73.999,-14.8,1050.8905,134.9192,105.0891,14.1785,134.9192,105.0891,14.1785,1050.8905,273.244,0.007
3,3,500,690,125,29.601,-74.002,1095.5502,139.4366,109.555,15.276,139.4366,109.555,15.276,1095.5502,265.6098,0.0086
4,3,500,690,125,-44.4,-59.198,1078.2655,132.1626,107.8265,14.2506,132.1626,107.8265,14.2506,1078.2655,281.2629,0.0087
5,3,500,690,125,-74.002,14.801,1125.2391,147.1914,112.5239,16.5626,147.1914,112.5239,16.5626,1125.2391,259.057,0.0101
6,3,500,690,125,-29.599,74,1111.0837,158.5089,111.1084,17.6117,158.5089,111.1084,17.6117,1111.0837,239.5477,0.01
7,3,500,690,125,44.401,59.2,1118.9916,151.8772,111.8992,16.9949,151.8772,111.8992,16.9949,1118.9916,250.988,0.0093
8,3,500,690,125,118.401,-0.001,1126.8556,147.3221,112.6856,16.6011,147.3221,112.6856,16.6011,1126.8556,249.9522,0.0113
9,3,500,690,125,103.6,-74.001,1100.6057,131.7269,110.0606,14.4979,131.7269,110.0606,14.4979,1100.6057,270.5363,0.0082
10,3,500,690,125,44.398,-118.401,1138.3494,167.6986,113.8349,19.09,167.6986,113.8349,19.09,1138.3494,215.0619,0.0123
11,3,500,690,125,-44.401,-118.4,1075.0031,144.5505,107.5003,15.5392,144.5505,107.5003,15.5392,1075.0031,248.1641,0.0097
12,3,500,690,125,-103.601,-73.999,1123.7715,137.0708,112.3772,15.4036,137.0708,112.3772,15.4036,1123.7715,266.8614,0.0104
13,3,500,690,125,-118.401,0,1102.6298,133.2532,110.263,14.6929,133.2532,110.263,14.6929,1102.6298,276.3846,0.0094
14,3,500,690,125,-103.601,73.999,1103.1072,195.6354,110.3107,21.5807,195.6354,110.3107,21.5807,1103.1072,189.041,0.0117
15,3,500,690,125,-44.4,118.4,1091.3899,128.5676,109.139,14.0317,128.5676,109.139,14.0317,1091.3899,288.2108,0.0078
16,3,500,690,125,44.4,118.4,1104.0432,154.7197,110.4043,17.0817,154.7197,110.4043,17.0817,1104.0432,238.2348,0.0104
17,3,500,690,125,103.601,74,1133.6483,147.5149,113.3648,16.723,147.5149,113.3648,16.723,1133.6483,248.7319,0.0118
1,4,425,820,125,-0.001,0,959.3732,147.3553,95.9373,14.1369,147.3553,95.9373,14.1369,959.3732,288.3061,0.0076
2,4,425,820,125,74,-14.8,930.3077,151.7954,93.0308,14.1216,151.7954,93.0308,14.1216,930.3077,272.4224,0.0064
3,4,425,820,125,29.599,-74.001,945.3029,140.1995,94.5303,13.2531,140.1995,94.5303,13.2531,945.3029,294.1247,0.0058
4,4,425,820,125,-44.402,-59.199,946.8767,134.2821,94.6877,12.7149,134.2821,94.6877,12.7149,946.8767,307.701,0.0059
5,4,425,820,125,-74.002,14.801,982.3398,153.8791,98.234,15.1162,153.8791,98.234,15.1162,982.3398,274.8448,0.0086
6,4,425,820,125,-29.598,74,954.0851,152.0713,95.4085,14.5089,152.0713,95.4085,14.5089,954.0851,276.77,0.0078
7,4,425,820,125,44.401,59.2,953.4825,146.4125,95.3483,13.9602,146.4125,95.3483,13.9602,953.4825,288.373,0.0074
8,4,425,820,125,118.4,-0.001,957.3687,126.3103,95.7369,12.0925,126.3103,95.7369,12.0925,957.3687,320.8157,0.0074
9,4,425,820,125,103.599,-74.002,974.9827,150.7522,97.4983,14.6981,150.7522,97.4983,14.6981,974.9827,263.0969,0.0081
10,4,425,820,125,44.398,-118.399,945.7808,119.4648,94.5781,11.2988,119.4648,94.5781,11.2988,945.7808,330.1664,0.0059
11,4,425,820,125,-44.401,-118.4,956.6352,160.8106,95.6635,15.3837,160.8106,95.6635,15.3837,956.6352,246.8589,0.0086
12,4,425,820,125,-103.601,-74.001,984.6396,170.9414,98.464,16.8316,170.9414,98.464,16.8316,984.6396,237.2368,0.0095
13,4,425,820,125,-118.401,0,978.1149,166.0597,97.8115,16.2425,166.0597,97.8115,16.2425,978.1149,246.8126,0.009
14,4,425,820,125,-103.601,74,939.1465,131.7551,93.9146,12.3737,131.7551,93.9146,12.3737,939.1465,307.3555,0.0067
15,4,425,820,125,-44.401,118.4,966.8745,159.8504,96.6875,15.4555,159.8504,96.6875,15.4555,966.8745,256.696,0.0087
16,4,425,820,125,44.4,118.4,952.5738,137.4299,95.2574,13.0912,137.4299,95.2574,13.0912,952.5738,295.1786,0.0074
17,4,425,820,125,103.602,73.999,963.6486,131.8012,96.3649,12.701,131.8012,96.3649,12.701,963.6486,306.505,0.008
1,5,350,560,150,0,-0.001,1522.4639,121.9129,152.2464,18.5608,121.9129,152.2464,18.5608,1522.4639,226.2355,0.0094
2,5,350,560,150,74,-14.8,1441.3958,119.4457,144.1396,17.2169,119.4457,144.1396,17.2169,1441.3958,219.6275,0.0098
3,5,350,560,150,29.6,-74.001,1432.8378,97.5556,143.2838,13.9781,97.5556,143.2838,13.9781,1432.8378,265.9988,0.0087
4,5,350,560,150,-44.402,-59.199,1440.3071,95.9859,144.0307,13.8249,95.9859,144.0307,13.8249,1440.3071,269.2918,0.0084
5,5,350,560,150,-74.002,14.801,1533.3241,99.9684,153.3324,15.3284,99.9684,153.3324,15.3284,1533.3241,270.5641,0.0094
6,5,350,560,150,-29.599,74,1489.0645,106.0987,148.9064,15.7988,106.0987,148.9064,15.7988,1489.0645,251.6372,0.0083
7,5,350,560,150,44.4,59.2,1529.0575,117.6483,152.9057,17.9891,117.6483,152.9057,17.9891,1529.0575,233.5129,0.0127
8,5,350,560,150,118.4,-0.001,1546.8643,126.3409,154.6864,19.5432,126.3409,154.6864,19.5432,1546.8643,210.2897,0.0133
9,5,350,560,150,103.599,-74.001,1424.3513,99.3836,142.4351,14.1557,99.3836,142.4351,14.1557,1424.3513,250.6941,0.01
10,5,350,560,150,44.399,-118.4,1508.7517,120.5587,150.8752,18.1893,120.5587,150.8752,18.1893,1508.7517,213.4964,0.0132
11,5,350,560,150,-44.4,-118.4,1420.1658,110.0666,142.0166,15.6313,110.0666,142.0166,15.6313,1420.1658,224.7218,0.0097
12,5,350,560,150,-103.6,-74.001,1469.0427,92.9494,146.9043,13.6547,92.9494,146.9043,13.6547,1469.0427,274.7619,0.0115
13,5,350,560,150,-118.4,0,1537.1573,116.595,153.7157,17.9225,116.595,153.7157,17.9225,1537.1573,224.078,0.0108
14,5,350,560,150,-103.6,74,1425.4626,101.3291,142.5463,14.4441,101.3291,142.5463,14.4441,1425.4626,252.0004,0.0094
15,5,350,560,150,-44.4,118.4,1481.8595,115.075,148.1859,17.0525,115.075,148.1859,17.0525,1481.8595,228.1937,0.0111
16,5,350,560,150,44.4,118.4,1496.2394,127.9479,149.6239,19.1441,127.9479,149.6239,19.1441,1496.2394,203.3417,0.0118
17,5,350,560,150,103.602,73.998,1455.1559,86.3596,145.5156,12.5667,86.3596,145.5156,12.5667,1455.1559,298.9005,0.0096
1,6,350,820,150,0,0,1040.9357,134.3012,104.0936,13.9799,134.3012,104.0936,13.9799,1040.9357,316.8077,0.0084
2,6,350,820,150,74,-14.801,1011.8945,134.42,101.1894,13.6019,134.42,101.1894,13.6019,1011.8945,307.2251,0.0064
3,6,350,820,150,29.601,-74,1037.3596,132.181,103.736,13.7119,132.181,103.736,13.7119,1037.3596,314.3874,0.0072
4,6,350,820,150,-44.401,-59.199,1056.7278,148.2117,105.6728,15.6619,148.2117,105.6728,15.6619,1056.7278,282.0483,0.0087
5,6,350,820,150,-74.002,14.801,1074.7209,163.7163,107.4721,17.5949,163.7163,107.4721,17.5949,1074.7209,259.131,0.0105
6,6,350,820,150,-29.599,74,1027.4191,131.5946,102.7419,13.5203,131.5946,102.7419,13.5203,1027.4191,319.5789,0.0078
7,6,350,820,150,44.401,59.2,1048.8521,141.1099,104.8852,14.8003,141.1099,104.8852,14.8003,1048.8521,299.573,0.0084
8,6,350,820,150,118.4,0,1029.912,117.5913,102.9912,12.1109,117.5913,102.9912,12.1109,1029.912,345.8013,0.0082
9,6,350,820,150,103.599,-74.001,1023.3384,123.7673,102.3338,12.6656,123.7673,102.3338,12.6656,1023.3384,322.0461,0.008
10,6,350,820,150,44.399,-118.401,1036.6729,127.8704,103.6673,13.256,127.8704,103.6673,13.256,1036.6729,311.967,0.0089
11,6,350,820,150,-44.4,-118.4,1026.6694,135.5508,102.6669,13.9166,135.5508,102.6669,13.9166,1026.6694,293.6286,0.008
12,6,350,820,150,-103.601,-74,1044.5675,135.6537,104.4567,14.1699,135.6537,104.4567,14.1699,1044.5675,299.7883,0.0096
13,6,350,820,150,-118.4,0.001,1016.7437,116.7579,101.6744,11.8713,116.7579,101.6744,11.8713,1016.7437,347.7873,0.0073
14,6,350,820,150,-103.598,74.001,1043.826,139.3021,104.3826,14.5407,139.3021,104.3826,14.5407,1043.826,292.2158,0.0077
15,6,350,820,150,-44.4,118.4,1042.925,141.859,104.2925,14.7948,141.859,104.2925,14.7948,1042.925,290.3291,0.0095
16,6,350,820,150,44.401,118.4,1032.2683,132.91,103.2268,13.7199,132.91,103.2268,13.7199,1032.2683,306.5731,0.0081
17,6,350,820,150,103.601,74,1072.3485,156.039,107.2349,16.7328,156.039,107.2349,16.7328,1072.3485,261.7688,0.0106
1,7,425,690,150,0,-0.001,1139.9686,123.1208,113.9969,14.0354,123.1208,113.9969,14.0354,1139.9686,333.6,0.0064
2,7,425,690,150,74,-14.8,1134.7286,143.0049,113.4729,16.2272,143.0049,113.4729,16.2272,1134.7286,279.5648,0.0071
3,7,425,690,150,29.6,-74.001,1118.854,124.5106,111.8854,13.9309,124.5106,111.8854,13.9309,1118.854,317.8181,0.0059
4,7,425,690,150,-44.402,-59.199,1177.7003,172.041,117.77,20.2613,172.041,117.77,20.2613,1177.7003,234.195,0.009
5,7,425,690,150,-74.001,14.802,1148.4651,119.9049,114.8465,13.7707,119.9049,114.8465,13.7707,1148.4651,340.2529,0.0068
6,7,425,690,150,-29.6,73.999,1167.1372,144.0397,116.7137,16.8114,144.0397,116.7137,16.8114,1167.1372,284.5324,0.0073
7,7,425,690,150,44.4,59.2,1156.9921,128.1438,115.6992,14.8261,128.1438,115.6992,14.8261,1156.9921,319.0108,0.0073
8,7,425,690,150,118.4,-0.002,1176.5168,147.7013,117.6517,17.3773,147.7013,117.6517,17.3773,1176.5168,267.9968,0.0094
9,7,425,690,150,103.599,-74.001,1155.1473,136.2332,115.5147,15.7369,136.2332,115.5147,15.7369,1155.1473,282.0941,0.0085
10,7,425,690,150,44.398,-118.402,1161.446,135.3569,116.1446,15.721,135.3569,116.1446,15.721,1161.446,285.5377,0.0095
11,7,425,690,150,-44.401,-118.4,1150.6721,151.5359,115.0672,17.4368,151.5359,115.0672,17.4368,1150.6721,252.7599,0.0089
12,7,425,690,150,-103.601,-74,1134.3208,115.6318,113.4321,13.1164,115.6318,113.4321,13.1164,1134.3208,336.1958,0.0074
13,7,425,690,150,-118.4,0.001,1146.0645,126.7663,114.6064,14.5282,126.7663,114.6064,14.5282,1146.0645,312.782,0.0081
14,7,425,690,150,-103.599,74,1161.9893,173.0368,116.1989,20.1067,173.0368,116.1989,20.1067,1161.9893,230.2462,0.0094
15,7,425,690,150,-44.4,118.4,1123.3571,117.7319,112.3357,13.2255,117.7319,112.3357,13.2255,1123.3571,338.3218,0.0064
16,7,425,690,150,44.401,118.4,1160.8114,148.623,116.0811,17.2523,148.623,116.0811,17.2523,1160.8114,268.2859,0.0086
17,7,425,690,150,103.601,74,1118.2275,108.3438,111.8227,12.1153,108.3438,111.8227,12.1153,1118.2275,359.3965,0.006
1,8,425,690,150,0,-0.001,1157.6516,131.3165,115.7652,15.2019,131.3165,115.7652,15.2019,1157.6516,314.8207,0.006
2,8,425,690,150,74,-14.801,1107.1106,134.9486,110.7111,14.9403,134.9486,110.7111,14.9403,1107.1106,294.2646,0.006
3,8,425,690,150,29.599,-74.001,1135.3351,128.832,113.5335,14.6267,128.832,113.5335,14.6267,1135.3351,309.9772,0.0067
4,8,425,690,150,-44.4,-59.199,1120.0377,118.227,112.0038,13.2419,118.227,112.0038,13.2419,1120.0377,338.45,0.0058
5,8,425,690,150,-74.002,14.801,1179.2781,149.6723,117.9278,17.6505,149.6723,117.9278,17.6505,1179.2781,275.618,0.0092
6,8,425,690,150,-29.598,74,1119.655,125.3812,111.9655,14.0384,125.3812,111.9655,14.0384,1119.655,323.7866,0.0063
7,8,425,690,150,44.4,59.2,1155.7062,133.2421,115.5706,15.3989,133.2421,115.5706,15.3989,1155.7062,308.0564,0.0072
8,8,425,690,150,118.4,-0.002,1154.4113,121.1354,115.4411,13.984,121.1354,115.4411,13.984,1154.4113,325.6235,0.0076
9,8,425,690,150,103.601,-74.002,1151.8226,139.1282,115.1823,16.0251,139.1282,115.1823,16.0251,1151.8226,276.7519,0.0083
10,8,425,690,150,44.399,-118.4,1117.2654,118.6821,111.7265,13.2599,118.6821,111.7265,13.2599,1117.2654,323.0569,0.0071
11,8,425,690,150,-44.4,-118.4,1087.4218,128.832,108.7422,14.0095,128.832,108.7422,14.0095,1087.4218,295.9807,0.0056
12,8,425,690,150,-103.6,-74,1162.0498,131.9962,116.205,15.3386,131.9962,116.205,15.3386,1162.0498,297.6368,0.0079
13,8,425,690,150,-118.4,0,1150.3326,138.4217,115.0333,15.9231,138.4217,115.0333,15.9231,1150.3326,287.6591,0.0073
14,8,425,690,150,-103.599,74,1129.1129,133.5416,112.9113,15.0784,133.5416,112.9113,15.0784,1129.1129,297.6233,0.007
15,8,425,690,150,-44.4,118.4,1133.5565,131.5212,113.3557,14.9087,131.5212,113.3557,14.9087,1133.5565,303.6555,0.0073
16,8,425,690,150,44.401,118.4,1126.9139,128.71,112.6914,14.5045,128.71,112.6914,14.5045,1126.9139,305.3612,0.0066
17,8,425,690,150,103.6,74,1148.5432,135.9828,114.8543,15.6182,135.9828,114.8543,15.6182,1148.5432,289.6769,0.0071
1,9,500,560,150,0,-0.002,1398.2841,119.2919,139.8284,16.6804,119.2919,139.8284,16.6804,1398.2841,333.7281,0.0049
2,9,500,560,150,74.001,-14.8,1381.7664,132.0324,138.1766,18.2438,132.0324,138.1766,18.2438,1381.7664,291.6813,0.0054
3,9,500,560,150,29.599,-74.001,1372.9491,121.8222,137.2949,16.7256,121.8222,137.2949,16.7256,1372.9491,312.6319,0.0045
4,9,500,560,150,-44.4,-59.198,1412.8303,126.2842,141.283,17.8418,126.2842,141.283,17.8418,1412.8303,307.8591,0.0057
5,9,500,560,150,-74.002,14.801,1440.0875,129.6621,144.0088,18.6725,129.6621,144.0088,18.6725,1440.0875,307.3572,0.0067
6,9,500,560,150,-29.599,74.001,1381.9885,122.263,138.1989,16.8966,122.263,138.1989,16.8966,1381.9885,320.9442,0.0056
7,9,500,560,150,44.4,59.201,1415.1222,127.5906,141.5122,18.0556,127.5906,141.5122,18.0556,1415.1222,310.9431,0.0047
8,9,500,560,150,118.4,-0.001,1437.807,136.5523,143.7807,19.6336,136.5523,143.7807,19.6336,1437.807,283.1598,0.0072
9,9,500,560,150,103.6,-74.001,1402.5479,131.1021,140.2548,18.3877,131.1021,140.2548,18.3877,1402.5479,285.1945,0.006
10,9,500,560,150,44.399,-118.402,1421.7739,126.5238,142.1774,17.9888,126.5238,142.1774,17.9888,1421.7739,296.0705,0.0057
11,9,500,560,150,-44.402,-118.4,1390.0883,139.7046,139.0088,19.4202,139.7046,139.0088,19.4202,1390.0883,264.9912,0.0065
12,9,500,560,150,-103.601,-74,1420.3638,126.3209,142.0364,17.9422,126.3209,142.0364,17.9422,1420.3638,299.4482,0.0067
13,9,500,560,150,-118.401,0,1412.4456,123.5645,141.2446,17.4528,123.5645,141.2446,17.4528,1412.4456,310.8511,0.0061
14,9,500,560,150,-103.601,73.999,1348.3495,119.8113,134.8349,16.1547,119.8113,134.8349,16.1547,1348.3495,317.4254,0.0045
15,9,500,560,150,-44.4,118.4,1373.5247,117.95,137.3525,16.2007,117.95,137.3525,16.2007,1373.5247,326.0612,0.0057
16,9,500,560,150,44.4,118.4,1365.3591,111.5789,136.5359,15.2345,111.5789,136.5359,15.2345,1365.3591,341.6983,0.0054
17,9,500,560,150,103.601,74,1409.9067,124.4067,140.9907,17.5402,124.4067,140.9907,17.5402,1409.9067,310.086,0.0071
1,10,500,820,150,0,0,934.3936,203.8473,93.4394,19.0474,203.8473,93.4394,19.0474,934.3936,302.392,0.0043
2,10,500,820,150,74,-14.801,911.2024,197.9812,91.1202,18.0401,197.9812,91.1202,18.0401,911.2024,303.6357,0.0036
3,10,500,820,150,29.6,-74.001,905.6408,188.4489,90.5641,17.0667,188.4489,90.5641,17.0667,905.6408,316.9743,0.0027
4,10,500,820,150,-44.401,-59.199,924.2469,191.4788,92.4247,17.6974,191.4788,92.4247,17.6974,924.2469,314.4996,0.0038
5,10,500,820,150,-74.002,14.801,937.0928,188.0172,93.7093,17.619,188.0172,93.7093,17.619,937.0928,324.6773,0.004
6,10,500,820,150,-29.599,73.998,926.4006,194.7829,92.6401,18.0447,194.7829,92.6401,18.0447,926.4006,313.6027,0.0036
7,10,500,820,150,44.401,59.2,915.2459,186.4029,91.5246,17.0604,186.4029,91.5246,17.0604,915.2459,327.4021,0.0032
8,10,500,820,150,118.4,0,935.3946,198.4357,93.5395,18.5616,198.4357,93.5395,18.5616,935.3946,299.1221,0.0046
9,10,500,820,150,103.599,-74.001,922.5721,188.9889,92.2572,17.4356,188.9889,92.2572,17.4356,922.5721,307.8723,0.004
10,10,500,820,150,44.399,-118.4,922.1081,179.5398,92.2108,16.5555,179.5398,92.2108,16.5555,922.1081,322.9603,0.0037
11,10,500,820,150,-44.401,-118.401,915.8755,192.1954,91.5875,17.6027,192.1954,91.5875,17.6027,915.8755,299.7164,0.0039
12,10,500,820,150,-103.6,-74.002,924.4468,175.3309,92.4447,16.2084,175.3309,92.4447,16.2084,924.4468,330.6322,0.0038
13,10,500,820,150,-118.402,0,921.4701,183.2796,92.147,16.8887,183.2796,92.147,16.8887,921.4701,321.3475,0.0037
14,10,500,820,150,-103.598,73.999,922.6891,191.2822,92.2689,17.6494,191.2822,92.2689,17.6494,922.6891,307.1461,0.0041
15,10,500,820,150,-44.4,118.4,913.4069,173.6426,91.3407,15.8606,173.6426,91.3407,15.8606,913.4069,341.7005,0.0036
16,10,500,820,150,44.4,118.4,905.8611,175.2945,90.5861,15.8793,175.2945,90.5861,15.8793,905.8611,338.8118,0.0031
17,10,500,820,150,103.601,74,913.1182,167.2369,91.3118,15.2707,167.2369,91.3118,15.2707,913.1182,352.3076,0.0033
1,11,425,560,175,0,-0.001,1577.2516,115.5139,157.7252,18.2194,115.5139,157.7252,18.2194,1577.2516,376.1414,0.005
2,11,425,560,175,74,-14.802,1576.9465,141.4918,157.6946,22.3125,141.4918,157.6946,22.3125,1576.9465,298.2518,0.0058
3,11,425,560,175,29.6,-74,1576.5328,119.8478,157.6533,18.8944,119.8478,157.6533,18.8944,1576.5328,352.0585,0.0057
4,11,425,560,175,-44.4,-59.2,1590.7429,121.8368,159.0743,19.3811,121.8368,159.0743,19.3811,1590.7429,347.3639,0.0058
5,11,425,560,175,-74.002,14.801,1539.521,91.7546,153.9521,14.1258,91.7546,153.9521,14.1258,1539.521,459.3864,0.005
6,11,425,560,175,-29.599,74,1551.4679,104.2055,155.1468,16.1672,104.2055,155.1468,16.1672,1551.4679,409.2702,0.0046
7,11,425,560,175,44.4,59.198,1559.7476,96.9797,155.9748,15.1264,96.9797,155.9748,15.1264,1559.7476,442.5668,0.0052
8,11,425,560,175,118.4,-0.002,1559.1539,107.5377,155.9154,16.7668,107.5377,155.9154,16.7668,1559.1539,391.7175,0.0057
9,11,425,560,175,103.599,-74.001,1532.7208,110.2128,153.2721,16.8925,110.2128,153.2721,16.8925,1532.7208,370.8411,0.0059
10,11,425,560,175,44.399,-118.4,1543.5431,110.0292,154.3543,16.9835,110.0292,154.3543,16.9835,1543.5431,371.5874,0.0067
11,11,425,560,175,-44.401,-118.401,1496.551,107.9053,149.6551,16.1486,107.9053,149.6551,16.1486,1496.551,371.9031,0.0062
12,11,425,560,175,-103.601,-74,1528.3134,89.6321,152.8313,13.6986,89.6321,152.8313,13.6986,1528.3134,454.0893,0.0056
13,11,425,560,175,-118.4,0,1594.9004,142.0633,159.49,22.6577,142.0633,159.49,22.6577,1594.9004,294.3279,0.0077
14,11,425,560,175,-103.6,74,1506.0541,99.4095,150.6054,14.9716,99.4095,150.6054,14.9716,1506.0541,413.524,0.005
15,11,425,560,175,-44.4,118.401,1533.2604,95.1805,153.326,14.5936,95.1805,153.326,14.5936,1533.2604,440.0305,0.0052
16,11,425,560,175,44.4,118.4,1587.3641,136.5686,158.7364,21.6784,136.5686,158.7364,21.6784,1587.3641,309.0923,0.0068
17,11,425,560,175,103.602,73.999,1529.3723,96.8544,152.9372,14.8126,96.8544,152.9372,14.8126,1529.3723,427.8804,0.0039
1,12,350,690,175,0,0,1262.6829,128.6814,126.2683,16.2484,128.6814,126.2683,16.2484,1262.6829,327.4826,0.0075
2,12,350,690,175,74,-14.801,1225.7365,124.1813,122.5736,15.2214,124.1813,122.5736,15.2214,1225.7365,327.6692,0.0064
3,12,350,690,175,29.6,-74.001,1255.9065,124.8767,125.5906,15.6834,124.8767,125.5906,15.6834,1255.9065,327.159,0.0077
4,12,350,690,175,-44.401,-59.199,1243.5211,110.5973,124.3521,13.753,110.5973,124.3521,13.753,1243.5211,367.7591,0.0073
5,12,350,690,175,-74.001,14.801,1280.6741,115.9303,128.0674,14.8469,115.9303,128.0674,14.8469,1280.6741,360.5648,0.0079
6,12,350,690,175,-29.599,74,1254.269,125.2864,125.4269,15.7143,125.2864,125.4269,15.7143,1254.269,332.1158,0.0084
7,12,350,690,175,44.4,59.2,1250.984,115.3199,125.0984,14.4263,115.3199,125.0984,14.4263,1250.984,360.2453,0.0067
8,12,350,690,175,118.4,-0.001,1276.1816,141.6809,127.6182,18.0811,141.6809,127.6182,18.0811,1276.1816,288.0168,0.0098
9,12,350,690,175,103.601,-74.001,1249.4902,129.925,124.949,16.234,129.925,124.949,16.234,1249.4902,304.6896,0.0086
10,12,350,690,175,44.399,-118.4,1235.246,105.5023,123.5246,13.0321,105.5023,123.5246,13.0321,1235.246,371.9051,0.0075
11,12,350,690,175,-44.401,-118.399,1231.3326,122.8381,123.1333,15.1255,122.8381,123.1333,15.1255,1231.3326,316.9024,0.0082
12,12,350,690,175,-103.6,-74,1265.4224,130.389,126.5422,16.4997,130.389,126.5422,16.4997,1265.4224,306.6324,0.01
13,12,350,690,175,-118.4,-0.001,1247.0762,115.9334,124.7076,14.4578,115.9334,124.7076,14.4578,1247.0762,348.2094,0.0087
14,12,350,690,175,-103.601,74.001,1223.8086,114.607,122.3809,14.0257,114.607,122.3809,14.0257,1223.8086,351.5815,0.0069
15,12,350,690,175,-44.401,118.4,1211.6361,103.4511,121.1636,12.5345,103.4511,121.1636,12.5345,1211.6361,392.5425,0.0075
16,12,350,690,175,44.4,118.4,1203.1277,103.4183,120.3128,12.4425,103.4183,120.3128,12.4425,1203.1277,388.8979,0.0066
17,12,350,690,175,103.603,74,1275.9834,124.0386,127.5983,15.8271,124.0386,127.5983,15.8271,1275.9834,328.2786,0.008
1,13,425,820,175,0,-0.001,1026.9851,187.2942,102.6985,19.2348,187.2942,102.6985,19.2348,1026.9851,328.9004,0.0048
2,13,425,820,175,74.001,-14.8,995.9362,178.6365,99.5936,17.7911,178.6365,99.5936,17.7911,995.9362,334.2852,0.0034
3,13,425,820,175,29.599,-74.002,1009.9288,176.3346,100.9929,17.8085,176.3346,100.9929,17.8085,1009.9288,340.7504,0.004
4,13,425,820,175,-44.402,-59.198,1010.898,172.2551,101.0898,17.4132,172.2551,101.0898,17.4132,1010.898,348.0244,0.0037
5,13,425,820,175,-74.002,14.801,1025.9451,170.7877,102.5945,17.5219,170.7877,102.5945,17.5219,1025.9451,357.3063,0.0046
6,13,425,820,175,-29.599,74,1017.6483,177.3801,101.7648,18.0511,177.3801,101.7648,18.0511,1017.6483,343.2542,0.0046
7,13,425,820,175,44.401,59.2,1027.6479,184.5124,102.7648,18.9614,184.5124,102.7648,18.9614,1027.6479,331.1529,0.0049
8,13,425,820,175,118.4,-0.001,1033.7094,187.612,103.3709,19.3936,187.612,103.3709,19.3936,1033.7094,316.7488,0.0056
9,13,425,820,175,103.599,-74.002,1023.3242,189.8949,102.3324,19.4324,189.8949,102.3324,19.4324,1023.3242,309.2833,0.0053
10,13,425,820,175,44.398,-118.4,1006.0446,167.8854,100.6045,16.89,167.8854,100.6045,16.89,1006.0446,346.5529,0.004
11,13,425,820,175,-44.401,-118.399,983.3046,170.634,98.3305,16.7785,170.634,98.3305,16.7785,983.3046,337.0011,0.0036
12,13,425,820,175,-103.601,-74.001,1004.5849,164.7505,100.4585,16.5506,164.7505,100.4585,16.5506,1004.5849,353.922,0.0044
13,13,425,820,175,-118.4,0,1001.4636,175.1772,100.1464,17.5434,175.1772,100.1464,17.5434,1001.4636,333.5986,0.0037
14,13,425,820,175,-103.601,74,995.1066,173.1695,99.5107,17.2322,173.1695,99.5107,17.2322,995.1066,338.2366,0.0042
15,13,425,820,175,-44.4,118.4,1011.2062,169.9928,101.1206,17.1898,169.9928,101.1206,17.1898,1011.2062,345.9093,0.0038
16,13,425,820,175,44.4,118.4,1012.6649,167.8883,101.2665,17.0015,167.8883,101.2665,17.0015,1012.6649,349.3786,0.0036
17,13,425,820,175,103.602,74,1006.1393,163.6858,100.6139,16.4691,163.6858,100.6139,16.4691,1006.1393,358.2688,0.0042
1,14,500,690,175,0,-0.001,1200.2115,181.4321,120.0212,21.7757,181.4321,120.0212,21.7757,1200.2115,335.1192,0.0046
2,14,500,690,175,74.001,-14.8,1175.4667,185.3515,117.5467,21.7875,185.3515,117.5467,21.7875,1175.4667,319.2879,0.0046
3,14,500,690,175,29.6,-74.001,1187.8223,178.9529,118.7822,21.2564,178.9529,118.7822,21.2564,1187.8223,330.7546,0.0051
4,14,500,690,175,-44.4,-59.199,1163.1127,166.805,116.3113,19.4013,166.805,116.3113,19.4013,1163.1127,351.8608,0.0039
5,14,500,690,175,-74.002,14.801,1185.476,161.8775,118.5476,19.1902,161.8775,118.5476,19.1902,1185.476,370.9543,0.0048
6,14,500,690,175,-29.599,74.001,1157.6405,166.9275,115.764,19.3242,166.9275,115.764,19.3242,1157.6405,356.915,0.0038
7,14,500,690,175,44.401,59.2,1195.1595,174.6315,119.516,20.8713,174.6315,119.516,20.8713,1195.1595,346.3336,0.0049
8,14,500,690,175,118.4,0,1178.6151,158.5145,117.8615,18.6828,158.5145,117.8615,18.6828,1178.6151,367.7084,0.0047
9,14,500,690,175,103.599,-74.001,1151.3474,158.624,115.1348,18.2631,158.624,115.1348,18.2631,1151.3474,359.2731,0.0041
10,14,500,690,175,44.399,-118.4,1181.156,178.9433,118.1156,21.136,178.9433,118.1156,21.136,1181.156,321.738,0.0056
11,14,500,690,175,-44.401,-118.399,1173.3024,184.8949,117.3302,21.6938,184.8949,117.3302,21.6938,1173.3024,307.3172,0.0053
12,14,500,690,175,-103.599,-74,1189.1587,175.8474,118.9159,20.911,175.8474,118.9159,20.911,1189.1587,327.4549,0.0057
13,14,500,690,175,-118.402,0,1167.9316,165.323,116.7932,19.3086,165.323,116.7932,19.3086,1167.9316,350.5558,0.0041
14,14,500,690,175,-103.598,74,1157.9685,170.4319,115.7969,19.7355,170.4319,115.7969,19.7355,1157.9685,340.5424,0.0044
15,14,500,690,175,-44.4,118.4,1181.1707,171.7384,118.1171,20.2852,171.7384,118.1171,20.2852,1181.1707,341.8434,0.0048
16,14,500,690,175,44.4,118.4,1154.916,158.8994,115.4916,18.3515,158.8994,115.4916,18.3515,1154.916,364.8066,0.0045
17,14,500,690,175,103.601,74,1185.6005,165.8131,118.56,19.6588,165.8131,118.56,19.6588,1185.6005,352.3506,0.0048
1,15,425,690,150,0,-0.001,1180.0281,118.5564,118.0028,13.99,118.5564,118.0028,13.99,1180.0281,344.8683,0.0071
2,15,425,690,150,74,-14.801,1213.5027,179.9232,121.3503,21.8337,179.9232,121.3503,21.8337,1213.5027,222.1038,0.0106
3,15,425,690,150,29.601,-74.001,1204.845,128.9742,120.4845,15.5394,128.9742,120.4845,15.5394,1204.845,310.7895,0.0095
4,15,425,690,150,-44.402,-59.199,1205.4177,120.5808,120.5418,14.535,120.5808,120.5418,14.535,1205.4177,332.9639,0.0089
5,15,425,690,150,-74.001,14.801,1223.9078,114.6912,122.3908,14.0371,114.6912,122.3908,14.0371,1223.9078,358.4737,0.0101
6,15,425,690,150,-29.599,74,1209.4362,134.9985,120.9436,16.3272,134.9985,120.9436,16.3272,1209.4362,303.9903,0.0107
7,15,425,690,150,44.4,59.201,1228.4595,129.7705,122.846,15.9418,129.7705,122.846,15.9418,1228.4595,318.1927,0.0105
8,15,425,690,150,118.4,-0.001,1208.3083,106.9388,120.8308,12.9215,106.9388,120.8308,12.9215,1208.3083,368.3277,0.0098
9,15,425,690,150,103.599,-74.001,1162.2089,105.6266,116.2209,12.276,105.6266,116.2209,12.276,1162.2089,361.7582,0.0087
10,15,425,690,150,44.399,-118.401,1244.9277,140.2387,124.4928,17.4587,140.2387,124.4928,17.4587,1244.9277,276.8294,0.0116
11,15,425,690,150,-44.402,-118.4,1153.3521,108.5453,115.3352,12.5191,108.5453,115.3352,12.5191,1153.3521,350.1047,0.0084
12,15,425,690,150,-103.601,-74.001,1246.7141,130.2036,124.6714,16.2327,130.2036,124.6714,16.2327,1246.7141,305.1168,0.0119
13,15,425,690,150,-118.402,0,1196.9844,108.6696,119.6984,13.0076,108.6696,119.6984,13.0076,1196.9844,367.3816,0.0102
14,15,425,690,150,-103.601,73.998,1210.6956,128.4285,121.0696,15.5488,128.4285,121.0696,15.5488,1210.6956,310.8858,0.0112
15,15,425,690,150,-44.399,118.401,1171.0328,98.4096,117.1033,11.5241,98.4096,117.1033,11.5241,1171.0328,404.1108,0.0087
16,15,425,690,150,44.4,118.4,1169.9117,100.7126,116.9912,11.7825,100.7126,116.9912,11.7825,1169.9117,392.2843,0.0088
17,15,425,690,150,103.603,73.999,1199.7618,108.1952,119.9762,12.9808,108.1952,119.9762,12.9808,1199.7618,364.4402,0.0107
1,16,350,820,150,0,0,1029.9489,157.9004,102.9949,16.2629,157.9004,102.9949,16.2629,1029.9489,270.9289,0.0109
2,16,350,820,150,74,-14.801,989.5313,130.8999,98.9531,12.953,130.8999,98.9531,12.953,989.5313,316.7947,0.0069
3,16,350,820,150,29.602,-74,968.9048,121.7231,96.8905,11.7938,121.7231,96.8905,11.7938,968.9048,337.616,0.0069
4,16,350,820,150,-44.401,-59.199,1008.6535,134.1505,100.8653,13.5311,134.1505,100.8653,13.5311,1008.6535,309.924,0.0098
5,16,350,820,150,-74.001,14.802,991.4529,109.1183,99.1453,10.8186,109.1183,99.1453,10.8186,991.4529,383.7622,0.0073
6,16,350,820,150,-29.599,74,997.0968,123.7614,99.7097,12.3402,123.7614,99.7097,12.3402,997.0968,339.8541,0.0086
7,16,350,820,150,44.401,59.198,991.1741,111.3156,99.1174,11.0333,111.3156,99.1174,11.0333,991.1741,379.4342,0.0077
8,16,350,820,150,118.4,-0.001,1002.0113,108.9231,100.2011,10.9142,108.9231,100.2011,10.9142,1002.0113,374.8463,0.0083
9,16,350,820,150,103.599,-74.001,1000.4697,123.3659,100.047,12.3424,123.3659,100.047,12.3424,1000.4697,325.5202,0.0092
10,16,350,820,150,44.398,-118.4,1013.8029,121.1421,101.3803,12.2814,121.1421,101.3803,12.2814,1013.8029,330.2841,0.0094
11,16,350,820,150,-44.401,-118.4,987.4907,115.4388,98.7491,11.3995,115.4388,98.7491,11.3995,987.4907,342.9402,0.0075
12,16,350,820,150,-103.601,-73.999,1020.0015,129.1119,102.0001,13.1694,129.1119,102.0001,13.1694,1020.0015,313.6122,0.0122
13,16,350,820,150,-118.402,0,1012.4409,122.6144,101.2441,12.414,122.6144,101.2441,12.414,1012.4409,333.1339,0.0102
14,16,350,820,150,-103.598,74,1014.5298,124.9659,101.453,12.6782,124.9659,101.453,12.6782,1014.5298,323.0759,0.0089
15,16,350,820,150,-44.4,118.401,997.7552,112.2317,99.7755,11.198,112.2317,99.7755,11.198,997.7552,362.5231,0.0088
16,16,350,820,150,44.401,118.4,977.0716,97.4107,97.7072,9.5177,97.4107,97.7072,9.5177,977.0716,414.4219,0.0079
17,16,350,820,150,103.601,74,995.0288,102.6314,99.5029,10.2121,102.6314,99.5029,10.2121,995.0288,392.5791,0.0078
1,17,350,820,150,0,-0.001,967.4733,216.1438,96.7473,20.9113,216.1438,96.7473,20.9113,967.4733,204.7814,0.0042
2,17,350,820,150,74.001,-14.8,926.9498,216.5282,92.695,20.0711,216.5282,92.695,20.0711,926.9498,199.3709,0.0037
3,17,350,820,150,29.601,-74.001,943.6208,215.1827,94.3621,20.3051,215.1827,94.3621,20.3051,943.6208,201.5136,0.004
4,17,350,820,150,-44.401,-59.198,959.7181,214.6907,95.9718,20.6043,214.6907,95.9718,20.6043,959.7181,202.6169,0.0048
5,17,350,820,150,-74,14.801,995.183,232.9227,99.5183,23.1801,232.9227,99.5183,23.1801,995.183,190.24,0.0055
6,17,350,820,150,-29.599,74,937.8175,208.7773,93.7818,19.5795,208.7773,93.7818,19.5795,937.8175,209.9875,0.0034
7,17,350,820,150,44.4,59.199,977.2335,231.4196,97.7234,22.6151,231.4196,97.7234,22.6151,977.2335,191.7707,0.0055
8,17,350,820,150,118.4,-0.001,973.6445,209.9531,97.3645,20.442,209.9531,97.3645,20.442,973.6445,207.1429,0.0044
9,17,350,820,150,103.601,-74.001,962.7674,211.3637,96.2767,20.3494,211.3637,96.2767,20.3494,962.7674,202.8725,0.0042
10,17,350,820,150,44.399,-118.401,971.0012,216.5083,97.1001,21.023,216.5083,97.1001,21.023,971.0012,198.3957,0.0054
11,17,350,820,150,-44.402,-118.4,942.0002,204.0039,94.2,19.2172,204.0039,94.2,19.2172,942.0002,207.056,0.0037
12,17,350,820,150,-103.6,-74,973.6995,200.8508,97.3699,19.5568,200.8508,97.3699,19.5568,973.6995,215.2973,0.0054
13,17,350,820,150,-118.4,0,961.8871,201.8273,96.1887,19.4135,201.8273,96.1887,19.4135,961.8871,216.2349,0.0049
14,17,350,820,150,-103.601,74.001,977.9094,222.0011,97.7909,21.7097,222.0011,97.7909,21.7097,977.9094,197.6788,0.0051
15,17,350,820,150,-44.4,118.4,963.5474,223.0385,96.3547,21.4908,223.0385,96.3547,21.4908,963.5474,198.4774,0.0056
16,17,350,820,150,44.4,118.4,958.5841,212.906,95.8584,20.4088,212.906,95.8584,20.4088,958.5841,205.7514,0.005
17,17,350,820,150,103.602,73.999,969.0357,214.0431,96.9036,20.7415,214.0431,96.9036,20.7415,969.0357,203.7684,0.0053
1,18,350,820,150,0,0,1016.0071,133.132,101.6007,13.5263,133.132,101.6007,13.5263,1016.0071,321.2368,0.007
2,18,350,820,150,74,-14.801,987.7178,136.1069,98.7718,13.4435,136.1069,98.7718,13.4435,987.7178,305.331,0.0056
3,18,350,820,150,29.599,-74.001,1019.0529,141.7201,101.9053,14.442,141.7201,101.9053,14.442,1019.0529,295.4286,0.0074
4,18,350,820,150,-44.401,-59.199,1021.54,143.0793,102.154,14.6161,143.0793,102.154,14.6161,1021.54,293.4315,0.0077
5,18,350,820,150,-74.002,14.801,1029.3126,140.8482,102.9313,14.4977,140.8482,102.9313,14.4977,1029.3126,303.9875,0.0093
6,18,350,820,150,-29.599,74,1007.5427,129.7302,100.7543,13.0709,129.7302,100.7543,13.0709,1007.5427,327.5743,0.0072
7,18,350,820,150,44.4,59.2,1053.8663,156.7547,105.3866,16.5199,156.7547,105.3866,16.5199,1053.8663,273.9025,0.0087
8,18,350,820,150,118.401,-0.001,1045.0486,147.8745,104.5049,15.4536,147.8745,104.5049,15.4536,1045.0486,283.0747,0.0092
9,18,350,820,150,103.599,-74.001,1028.8269,149.3593,102.8827,15.3665,149.3593,102.8827,15.3665,1028.8269,273.9069,0.0088
10,18,350,820,150,44.398,-118.401,1046.8239,143.8671,104.6824,15.0604,143.8671,104.6824,15.0604,1046.8239,284.7881,0.0096
11,18,350,820,150,-44.402,-118.4,1019.8665,141.967,101.9866,14.4787,141.967,101.9866,14.4787,1019.8665,286.7693,0.0082
12,18,350,820,150,-103.601,-74,1022.0805,117.0597,102.2081,11.9644,117.0597,102.2081,11.9644,1022.0805,352.8903,0.0077
13,18,350,820,150,-118.4,0,1019.1177,126.9935,101.9118,12.9421,126.9935,101.9118,12.9421,1019.1177,328.637,0.0088
14,18,350,820,150,-103.599,74.001,993.0048,115.8635,99.3005,11.5053,115.8635,99.3005,11.5053,993.0048,355.9823,0.0059
15,18,350,820,150,-44.4,118.4,1007.6011,114.3499,100.7601,11.5219,114.3499,100.7601,11.5219,1007.6011,366.751,0.0076
16,18,350,820,150,44.4,118.4,1015.3873,129.8054,101.5387,13.1803,129.8054,101.5387,13.1803,1015.3873,321.9023,0.0084
17,18,350,820,150,103.601,74,1015.5718,115.81,101.5572,11.7613,115.81,101.5572,11.7613,1015.5718,357.6244,0.007
