recette,EPI_TH,RTO_TEMP,SUBDOE,PO2,TPS,wafer,site,meas_box,box,si,sige,xge,oxide,gof
bilayer si/sige,30,1100,CINETIQUE,740,10,1,1,SIMS,252.919,94.488,13.111,21.4051,84.657,0.75321
bilayer si/sige,30,1100,CINETIQUE,740,10,1,1,TBOX7,250.812,77.888,21.317,17.5741,71.545,0.75392
bilayer si/sige,30,1100,CINETIQUE,740,10,1,2,SIMS,252.611,91.607,15.847,18.6135,84.867,0.75151
bilayer si/sige,30,1100,CINETIQUE,740,10,1,2,TBOX7,251.089,78.089,21.849,17.6446,72.048,0.75062
bilayer si/sige,30,1100,CINETIQUE,740,10,1,3,SIMS,252.569,93.075,12.811,21.5314,84.015,0.75273
bilayer si/sige,30,1100,CINETIQUE,740,10,1,3,TBOX7,250.867,75.607,21.719,17.6768,72.146,0.74098
bilayer si/sige,30,1100,CINETIQUE,740,10,1,4,SIMS,252.871,92.019,15.573,18.5819,84.016,0.75233
bilayer si/sige,30,1100,CINETIQUE,740,10,1,4,TBOX7,251.067,77.831,21.414,17.635,71.837,0.74921
bilayer si/sige,30,1100,CINETIQUE,740,10,1,5,SIMS,253.192,94.963,13.208,21.3924,84.631,0.75137
bilayer si/sige,30,1100,CINETIQUE,740,10,1,5,TBOX7,251.335,77.918,21.459,17.6202,72.444,0.74727
bilayer si/sige,30,1100,CINETIQUE,740,10,1,6,SIMS,252.596,93.155,13.889,18.4606,84.225,0.75881
bilayer si/sige,30,1100,CINETIQUE,740,10,1,6,TBOX7,250.995,77.425,21.566,17.5909,72.388,0.7474
bilayer si/sige,30,1100,CINETIQUE,740,10,1,7,TBOX7,251.201,76.582,18.722,17.4588,72.302,0.75338
bilayer si/sige,30,1100,CINETIQUE,740,10,1,8,SIMS,252.765,92.384,13.549,18.3528,83.671,0.76566
bilayer si/sige,30,1100,CINETIQUE,740,10,1,8,TBOX7,251.8,78.833,17.472,17.5499,71.853,0.75861
bilayer si/sige,30,1100,CINETIQUE,740,10,1,9,SIMS,252.42,94.102,13.453,21.3732,84.799,0.74862
bilayer si/sige,30,1100,CINETIQUE,740,10,1,9,TBOX7,250.506,77.827,19.738,17.5648,72.477,0.75112
bilayer si/sige,30,1100,CINETIQUE,740,60,2,1,SIMS,251.224,68.895,23.966,18.072,112.988,0.54373
bilayer si/sige,30,1100,CINETIQUE,740,60,2,1,TBOX7,251.474,33.274,36.823,12.1346,131.011,0.65231
bilayer si/sige,30,1100,CINETIQUE,740,60,2,2,SIMS,251.503,67.645,24.656,18.0359,113.968,0.53956
bilayer si/sige,30,1100,CINETIQUE,740,60,2,2,TBOX7,251.401,32.779,37.865,12.1406,132.942,0.64837
bilayer si/sige,30,1100,CINETIQUE,740,60,2,3,SIMS,251.877,66.502,24.025,18.1324,112.941,0.53268
bilayer si/sige,30,1100,CINETIQUE,740,60,2,3,TBOX7,251.846,30.942,36.797,12.3404,133.647,0.64269
bilayer si/sige,30,1100,CINETIQUE,740,60,2,4,SIMS,251.199,68.967,23.837,18.0445,112.383,0.54448
bilayer si/sige,30,1100,CINETIQUE,740,60,2,4,TBOX7,251.535,33.312,36.858,12.1468,131.695,0.64801
bilayer si/sige,30,1100,CINETIQUE,740,60,2,5,SIMS,252.037,66.703,24.578,18.0975,114.083,0.53279
bilayer si/sige,30,1100,CINETIQUE,740,60,2,5,TBOX7,252.307,31.805,36.83,12.2752,134.024,0.64238
bilayer si/sige,30,1100,CINETIQUE,740,60,2,6,SIMS,250.752,69.622,22.474,18.2492,113.119,0.53075
bilayer si/sige,30,1100,CINETIQUE,740,60,2,6,TBOX7,251.593,32.205,37.264,12.2298,134.256,0.64346
bilayer si/sige,30,1100,CINETIQUE,740,60,2,7,SIMS,,,,,,0.18811
bilayer si/sige,30,1100,CINETIQUE,740,60,2,7,TBOX7,252.494,32.576,32.732,12.3591,133.43,0.64989
bilayer si/sige,30,1100,CINETIQUE,740,60,2,8,SIMS,250.856,68.77,21.912,18.459,113.249,0.51998
bilayer si/sige,30,1100,CINETIQUE,740,60,2,8,TBOX7,253.179,34.028,31.123,12.3321,133.361,0.65126
bilayer si/sige,30,1100,CINETIQUE,740,60,2,9,SIMS,250.843,67.154,24.803,18.0516,113.875,0.53831
bilayer si/sige,30,1100,CINETIQUE,740,60,2,9,TBOX7,251.294,33.023,34.184,12.2638,133.608,0.64944
bilayer si/sige,60,1100,CINETIQUE,740,40,3,1,SIMS,251.333,70.397,42.809,18.4172,105.587,0.6677
bilayer si/sige,60,1100,CINETIQUE,740,40,3,1,TBOX7,248.984,25.297,82.612,14.1041,118.442,0.70212
bilayer si/sige,60,1100,CINETIQUE,740,40,3,2,SIMS,251.018,68.558,42.842,18.5085,106.513,0.65694
bilayer si/sige,60,1100,CINETIQUE,740,40,3,2,TBOX7,249.299,23.915,83.47,14.2571,119.28,0.68996
bilayer si/sige,60,1100,CINETIQUE,740,40,3,3,SIMS,251.54,67.793,41.557,18.5669,105.709,0.65214
bilayer si/sige,60,1100,CINETIQUE,740,40,3,3,TBOX7,249.503,22.372,81.917,14.382,120.046,0.68155
bilayer si/sige,60,1100,CINETIQUE,740,40,3,4,SIMS,251.084,71.257,43.131,18.3255,104.769,0.67317
bilayer si/sige,60,1100,CINETIQUE,740,40,3,4,TBOX7,249.117,25.046,82.767,14.1396,118.852,0.6931
bilayer si/sige,60,1100,CINETIQUE,740,40,3,5,SIMS,251.728,68.533,42.615,18.5303,106.786,0.65227
bilayer si/sige,60,1100,CINETIQUE,740,40,3,5,TBOX7,250.05,23.03,82.25,14.2419,120.333,0.68611
bilayer si/sige,60,1100,CINETIQUE,740,40,3,6,SIMS,251.274,69.394,39.749,18.1432,105.674,0.67126
bilayer si/sige,60,1100,CINETIQUE,740,40,3,6,TBOX7,248.955,23.024,82.295,14.2623,120.26,0.68258
bilayer si/sige,60,1100,CINETIQUE,740,40,3,7,TBOX7,249.536,23.402,74.65,14.1306,119.947,0.6714
bilayer si/sige,60,1100,CINETIQUE,740,40,3,8,SIMS,252.188,67.942,38.546,18.1035,105.575,0.67099
bilayer si/sige,60,1100,CINETIQUE,740,40,3,8,TBOX7,250.092,24.541,73.16,13.8275,119.953,0.66581
bilayer si/sige,60,1100,CINETIQUE,740,40,3,9,SIMS,250.581,68.406,42.753,18.6268,106.422,0.65411
bilayer si/sige,60,1100,CINETIQUE,740,40,3,9,TBOX7,248.709,23.269,76.929,14.2652,119.938,0.67434
bilayer si/sige,90,1100,CINETIQUE,740,10,4,1,SIMS,242.581,104.965,27.269,33.9912,87.161,0.47519
bilayer si/sige,90,1100,CINETIQUE,740,10,4,1,TBOX7,251.052,65.181,85.726,21.7737,75.769,0.81565
bilayer si/sige,90,1100,CINETIQUE,740,10,4,2,SIMS,241.944,104.428,27.797,34.0091,87.28,0.46376
bilayer si/sige,90,1100,CINETIQUE,740,10,4,2,TBOX7,251.536,65.623,87.279,21.7545,76.304,0.81839
bilayer si/sige,90,1100,CINETIQUE,740,10,4,3,SIMS,242.872,102.759,26.89,34.0984,86.641,0.46868
bilayer si/sige,90,1100,CINETIQUE,740,10,4,3,TBOX7,251.78,62.674,86.493,21.7554,76.435,0.81032
bilayer si/sige,90,1100,CINETIQUE,740,10,4,4,SIMS,242.747,105.933,27.147,33.9583,86.467,0.48148
bilayer si/sige,90,1100,CINETIQUE,740,10,4,4,TBOX7,251.433,66.276,85.961,21.7441,76.201,0.81619
bilayer si/sige,90,1100,CINETIQUE,740,10,4,5,SIMS,241.859,89.365,45.054,24.6222,88.09,0.44877
bilayer si/sige,90,1100,CINETIQUE,740,10,4,5,TBOX7,252.598,66.986,86.345,21.5935,76.806,0.82029
bilayer si/sige,90,1100,CINETIQUE,740,10,4,6,SIMS,244.215,104.479,24.949,33.6526,86.869,0.5014
bilayer si/sige,90,1100,CINETIQUE,740,10,4,6,TBOX7,251.438,64.883,86.838,21.6352,76.735,0.81633
bilayer si/sige,90,1100,CINETIQUE,740,10,4,7,TBOX7,251.488,61.439,80.186,21.4027,76.873,0.79438
bilayer si/sige,90,1100,CINETIQUE,740,10,4,8,SIMS,245.458,102.204,24.147,33.5199,86.227,0.50836
bilayer si/sige,90,1100,CINETIQUE,740,10,4,8,TBOX7,251.779,63.004,76.483,21.3736,76.551,0.78752
bilayer si/sige,90,1100,CINETIQUE,740,10,4,9,SIMS,241.787,104.826,27.818,34.083,87.299,0.46489
bilayer si/sige,90,1100,CINETIQUE,740,10,4,9,TBOX7,250.898,62.792,82.142,21.5461,76.796,0.80027
bilayer si/sige,90,1100,CINETIQUE,740,60,5,1,SIMS,247.086,67.255,52.6,22.6515,119.635,0.5367
bilayer si/sige,90,1100,CINETIQUE,740,60,5,1,TBOX7,249.349,12.656,110.042,17.4757,142.387,0.75814
bilayer si/sige,90,1100,CINETIQUE,740,60,5,2,SIMS,246.62,67.391,53.785,22.5605,120.593,0.53253
bilayer si/sige,90,1100,CINETIQUE,740,60,5,2,TBOX7,249.661,12.609,111.963,17.422,143.825,0.75813
bilayer si/sige,90,1100,CINETIQUE,740,60,5,3,SIMS,247.664,66.928,51.393,22.6245,119.567,0.5361
bilayer si/sige,90,1100,CINETIQUE,740,60,5,3,TBOX7,250.126,11.917,109.311,17.562,144.519,0.75086
bilayer si/sige,90,1100,CINETIQUE,740,60,5,4,SIMS,247.262,66.875,52.502,22.6579,118.931,0.53759
bilayer si/sige,90,1100,CINETIQUE,740,60,5,4,TBOX7,249.681,11.608,109.83,17.6344,142.771,0.74949
bilayer si/sige,90,1100,CINETIQUE,740,60,5,5,SIMS,247.525,66.118,52.317,22.7778,120.165,0.52546
bilayer si/sige,90,1100,CINETIQUE,740,60,5,5,TBOX7,250.438,12.27,109.531,17.5017,144.981,0.75103
bilayer si/sige,90,1100,CINETIQUE,740,60,5,6,SIMS,248.612,67.013,50.26,21.9905,119.18,0.57075
bilayer si/sige,90,1100,CINETIQUE,740,60,5,6,TBOX7,249.682,12.739,110.038,17.4095,145.061,0.75228
bilayer si/sige,90,1100,CINETIQUE,740,60,5,7,SIMS,,,,,,0.25807
bilayer si/sige,90,1100,CINETIQUE,740,60,5,7,TBOX7,249.98,14.572,98.528,17.4577,144.509,0.7219
bilayer si/sige,90,1100,CINETIQUE,740,60,5,8,SIMS,249.835,65.638,47.638,22.0423,118.862,0.57751
bilayer si/sige,90,1100,CINETIQUE,740,60,5,8,TBOX7,250.469,15.29,95.173,17.3836,144.319,0.71394
bilayer si/sige,90,1100,CINETIQUE,740,60,5,9,SIMS,246.153,65.941,51.992,22.9784,119.791,0.52
bilayer si/sige,90,1100,CINETIQUE,740,60,5,9,TBOX7,249.296,12.565,102.12,17.7071,144.196,0.73001
bilayer si/sige,60,1050,RTO,375,45.5,6,1,SIMS,249.08,90.729,28.194,24.0277,85.379,0.64899
bilayer si/sige,60,1050,RTO,375,45.5,6,1,TBOX7,249.664,66.87,55.92,20.7748,75.593,0.76977
bilayer si/sige,60,1050,RTO,375,45.5,6,2,SIMS,248.558,92.293,28.884,23.9257,85.74,0.64978
bilayer si/sige,60,1050,RTO,375,45.5,6,2,TBOX7,250.085,67.932,57.321,20.7554,76.193,0.77273
bilayer si/sige,60,1050,RTO,375,45.5,6,3,SIMS,249.573,91.836,27.649,24.0035,85.607,0.65132
bilayer si/sige,60,1050,RTO,375,45.5,6,3,TBOX7,250.999,66.154,56.645,20.6576,76.415,0.76749
bilayer si/sige,60,1050,RTO,375,45.5,6,4,SIMS,248.906,90.539,28.219,24.0036,84.905,0.65022
bilayer si/sige,60,1050,RTO,375,45.5,6,4,TBOX7,250.165,66.579,56.174,20.7951,75.837,0.76786
bilayer si/sige,60,1050,RTO,375,45.5,6,5,SIMS,249.282,94.284,28.752,23.8201,85.819,0.65448
bilayer si/sige,60,1050,RTO,375,45.5,6,5,TBOX7,250.97,69.514,57.087,20.528,76.792,0.77463
bilayer si/sige,60,1050,RTO,375,45.5,6,6,SIMS,249.324,94.14,26.499,23.5027,85.437,0.68505
bilayer si/sige,60,1050,RTO,375,45.5,6,6,TBOX7,250.09,67.777,57.406,20.5432,76.786,0.77024
bilayer si/sige,60,1050,RTO,375,45.5,6,7,SIMS,,,,,,0.22474
bilayer si/sige,60,1050,RTO,375,45.5,6,7,TBOX7,250.42,62.59,56.848,18.6764,76.832,0.75506
bilayer si/sige,60,1050,RTO,375,45.5,6,8,SIMS,250.471,90.81,25.701,23.3583,85.43,0.68851
bilayer si/sige,60,1050,RTO,375,45.5,6,8,TBOX7,250.63,64.4,54.457,18.4524,76.875,0.75637
bilayer si/sige,60,1050,RTO,375,45.5,6,9,SIMS,248.384,91.215,28.981,24.0145,85.957,0.64218
bilayer si/sige,60,1050,RTO,375,45.5,6,9,TBOX7,249.726,68.314,53.115,20.5339,76.323,0.76226
bilayer si/sige,60,1050,RTO,740,45.5,7,1,SIMS,249.62,86.107,29.105,24.1539,95.754,0.66841
bilayer si/sige,60,1050,RTO,740,45.5,7,1,TBOX7,248.975,59.371,53.874,21.7267,96.358,0.73751
bilayer si/sige,60,1050,RTO,740,45.5,7,2,SIMS,249.577,86.106,29.425,24.1633,94.988,0.66401
bilayer si/sige,60,1050,RTO,740,45.5,7,2,TBOX7,249.437,60.097,54.877,21.7266,97.181,0.73805
bilayer si/sige,60,1050,RTO,740,45.5,7,3,SIMS,250.522,86.625,28.513,24.1415,94.027,0.67326
bilayer si/sige,60,1050,RTO,740,45.5,7,3,TBOX7,250.605,59.444,54.446,21.6448,97.531,0.73422
bilayer si/sige,60,1050,RTO,740,45.5,7,4,SIMS,249.659,85.106,29.019,24.1733,95.009,0.667
bilayer si/sige,60,1050,RTO,740,45.5,7,4,TBOX7,249.392,58.392,54.143,21.7659,96.682,0.73104
bilayer si/sige,60,1050,RTO,740,45.5,7,5,SIMS,250.534,86.191,29.466,24.0676,96.588,0.66063
bilayer si/sige,60,1050,RTO,740,45.5,7,5,TBOX7,250.5,60.412,54.345,21.5803,97.862,0.73718
bilayer si/sige,60,1050,RTO,740,45.5,7,6,SIMS,250.681,88.185,27.18,23.7871,95.142,0.69871
bilayer si/sige,60,1050,RTO,740,45.5,7,6,TBOX7,249.907,59.809,54.507,21.5843,97.83,0.73629
bilayer si/sige,60,1050,RTO,740,45.5,7,7,SIMS,,,,,,0.11798
bilayer si/sige,60,1050,RTO,740,45.5,7,7,TBOX7,250.608,60.763,48.744,21.3987,97.39,0.72703
bilayer si/sige,60,1050,RTO,740,45.5,7,8,SIMS,251.831,86.681,26.477,23.6028,94.962,0.70463
bilayer si/sige,60,1050,RTO,740,45.5,7,8,TBOX7,251.265,62.195,46.956,21.327,97.239,0.71951
bilayer si/sige,60,1050,RTO,740,45.5,7,9,SIMS,249.254,83.608,29.695,24.233,95.867,0.64926
bilayer si/sige,60,1050,RTO,740,45.5,7,9,TBOX7,249.61,58.839,50.873,21.6106,97.09,0.7253
bilayer si/sige,60,1050,RTO,10,45.5,8,1,SIMS,248.305,92.693,28.154,23.6421,82.969,0.65435
bilayer si/sige,60,1050,RTO,10,45.5,8,1,TBOX7,248.811,63.336,61.995,18.5741,70.311,0.78308
bilayer si/sige,60,1050,RTO,10,45.5,8,2,SIMS,248.323,94.389,28.779,23.5225,83.027,0.6551
bilayer si/sige,60,1050,RTO,10,45.5,8,2,TBOX7,249.484,64.606,63.234,18.58,70.86,0.78582
bilayer si/sige,60,1050,RTO,10,45.5,8,3,SIMS,249.79,93.698,27.662,23.5752,82.783,0.65708
bilayer si/sige,60,1050,RTO,10,45.5,8,3,TBOX7,250.621,64.813,62.629,18.4393,71.052,0.78601
bilayer si/sige,60,1050,RTO,10,45.5,8,4,SIMS,248.007,92.384,28.124,23.622,82.289,0.65306
bilayer si/sige,60,1050,RTO,10,45.5,8,4,TBOX7,249.07,63.265,62.151,18.6001,70.667,0.77943
bilayer si/sige,60,1050,RTO,10,45.5,8,5,SIMS,249.028,93.179,28.289,23.5909,82.968,0.64957
bilayer si/sige,60,1050,RTO,10,45.5,8,5,TBOX7,250.24,64.311,62.574,18.4005,71.203,0.78593
bilayer si/sige,60,1050,RTO,10,45.5,8,6,SIMS,249.64,95.782,26.56,23.0138,82.497,0.69301
bilayer si/sige,60,1050,RTO,10,45.5,8,6,TBOX7,250.031,65.088,63.035,18.383,71.238,0.78652
bilayer si/sige,60,1050,RTO,10,45.5,8,7,SIMS,,,,,,0.38673
bilayer si/sige,60,1050,RTO,10,45.5,8,7,TBOX7,250.747,66.51,57.057,18.1571,71.155,0.77937
bilayer si/sige,60,1050,RTO,10,45.5,8,8,SIMS,251.041,93.297,25.709,22.9446,82.658,0.69724
bilayer si/sige,60,1050,RTO,10,45.5,8,8,TBOX7,251.212,66.746,54.619,18.0018,70.993,0.77412
bilayer si/sige,60,1050,RTO,10,45.5,8,9,SIMS,247.651,91.946,28.749,23.7096,82.755,0.6442
bilayer si/sige,60,1050,RTO,10,45.5,8,9,TBOX7,249.479,64.025,58.709,18.3312,70.845,0.7752
bilayer si/sige,60,1050,RTO,560,80,9,1,SIMS,249.267,80.289,33.078,22.522,99.684,0.68648
bilayer si/sige,60,1050,RTO,560,80,9,1,TBOX7,247.989,43.936,65.209,18.3548,107.425,0.72674
bilayer si/sige,60,1050,RTO,560,80,9,2,SIMS,249.751,81.315,33.776,22.448,101.047,0.68081
bilayer si/sige,60,1050,RTO,560,80,9,2,TBOX7,248.603,45.262,66.417,18.378,108.407,0.72926
bilayer si/sige,60,1050,RTO,560,80,9,3,SIMS,250.594,78.77,32.304,22.6169,100.322,0.67466
bilayer si/sige,60,1050,RTO,560,80,9,3,TBOX7,249.692,42.126,65.627,18.3107,108.803,0.71744
bilayer si/sige,60,1050,RTO,560,80,9,4,SIMS,248.997,79.998,33.128,22.5128,99.897,0.67915
bilayer si/sige,60,1050,RTO,560,80,9,4,TBOX7,247.906,44.376,65.505,18.3784,107.877,0.72228
bilayer si/sige,60,1050,RTO,560,80,9,5,SIMS,249.95,81.464,33.576,22.425,100.857,0.68102
bilayer si/sige,60,1050,RTO,560,80,9,5,TBOX7,249.2,45.219,65.817,18.2319,109.367,0.72607
bilayer si/sige,60,1050,RTO,560,80,9,6,SIMS,250.988,82.578,31.263,22.0177,100.747,0.70097
bilayer si/sige,60,1050,RTO,560,80,9,6,TBOX7,249.13,45.479,65.951,18.2272,109.424,0.7272
bilayer si/sige,60,1050,RTO,560,80,9,7,TBOX7,249.852,44.614,59.563,18.0479,108.526,0.70764
bilayer si/sige,60,1050,RTO,560,80,9,8,SIMS,252.117,78.929,30.14,21.9215,100.307,0.69926
bilayer si/sige,60,1050,RTO,560,80,9,8,TBOX7,250.536,45.161,57.234,17.9018,108.295,0.6999
bilayer si/sige,60,1050,RTO,560,80,9,9,SIMS,249.243,80.173,33.522,22.5563,101.219,0.67359
bilayer si/sige,60,1050,RTO,560,80,9,9,TBOX7,248.457,45.915,61.155,18.1392,108.609,0.71622
bilayer si/sige,60,1050,RTO,200,10.42597115,10,1,SIMS,246.835,113.075,16.108,34.1796,71.5,0.60994
bilayer si/sige,60,1050,RTO,200,10.42597115,10,1,TBOX7,247.66,95.08,45.617,24.0213,43.092,0.79533
bilayer si/sige,60,1050,RTO,200,10.42597115,10,2,SIMS,247.919,113.441,16.293,34.1527,71.329,0.60224
bilayer si/sige,60,1050,RTO,200,10.42597115,10,2,TBOX7,249.183,96.008,46.776,23.9363,43.178,0.79655
bilayer si/sige,60,1050,RTO,200,10.42597115,10,3,SIMS,247.616,112.241,15.911,34.1857,70.859,0.60718
bilayer si/sige,60,1050,RTO,200,10.42597115,10,3,TBOX7,249.807,95.14,46.089,23.8252,43.058,0.79792
bilayer si/sige,60,1050,RTO,200,10.42597115,10,4,SIMS,246.317,112.765,16.197,34.1565,70.992,0.61156
bilayer si/sige,60,1050,RTO,200,10.42597115,10,4,TBOX7,247.837,94.512,45.906,24.014,43.311,0.79079
bilayer si/sige,60,1050,RTO,200,10.42597115,10,5,SIMS,247.619,110.417,16.52,34.1727,71.206,0.59501
bilayer si/sige,60,1050,RTO,200,10.42597115,10,5,TBOX7,249.456,92.786,46.248,23.8423,43.033,0.79375
bilayer si/sige,60,1050,RTO,200,10.42597115,10,6,SIMS,249.775,114.364,14.532,33.7613,71.019,0.63724
bilayer si/sige,60,1050,RTO,200,10.42597115,10,6,TBOX7,250.357,95.244,46.678,23.6907,43.254,0.8005
bilayer si/sige,60,1050,RTO,200,10.42597115,10,7,TBOX7,250.319,93.998,41.654,23.531,43.234,0.79684
bilayer si/sige,60,1050,RTO,200,10.42597115,10,8,SIMS,249.539,110.346,14.384,33.6719,70.646,0.63591
bilayer si/sige,60,1050,RTO,200,10.42597115,10,8,TBOX7,250.541,95.678,39.645,23.4656,43.097,0.79612
bilayer si/sige,60,1050,RTO,200,10.42597115,10,9,SIMS,246.317,112.233,16.487,34.2239,71.659,0.59463
bilayer si/sige,60,1050,RTO,200,10.42597115,10,9,TBOX7,248.961,95.872,42.49,23.6683,43.25,0.79761
bilayer si/sige,60,1050,RTO,560,10.42597115,11,1,SIMS,250.77,112.927,15.743,34.7103,76.943,0.63962
bilayer si/sige,60,1050,RTO,560,10.42597115,11,1,TBOX7,251.259,94.239,43.846,24.7709,56.433,0.74632
bilayer si/sige,60,1050,RTO,560,10.42597115,11,2,SIMS,249.923,110.094,16.249,34.6453,77.015,0.6245
bilayer si/sige,60,1050,RTO,560,10.42597115,11,2,TBOX7,251.638,99.365,37.975,27.9316,55.883,0.75292
bilayer si/sige,60,1050,RTO,560,10.42597115,11,3,SIMS,250.619,113.192,15.847,34.6933,76.85,0.63798
bilayer si/sige,60,1050,RTO,560,10.42597115,11,3,TBOX7,251.101,94.288,43.949,24.8463,56.595,0.7441
bilayer si/sige,60,1050,RTO,560,10.42597115,11,4,SIMS,250.934,109.775,15.129,34.3533,76.303,0.64935
bilayer si/sige,60,1050,RTO,560,10.42597115,11,4,TBOX7,250.929,92.941,39.659,24.6877,56.278,0.74628
bilayer si/sige,60,1050,RTO,560,10.42597115,11,5,SIMS,250.751,109.049,14.915,34.1101,76.472,0.6567
bilayer si/sige,60,1050,RTO,560,10.42597115,11,5,TBOX7,251.265,91.143,43.608,24.7697,56.536,0.74346
bilayer si/sige,60,1050,RTO,560,10.42597115,11,6,SIMS,250.813,106.964,15.238,34.2319,75.933,0.64754
bilayer si/sige,60,1050,RTO,560,10.42597115,11,6,TBOX7,250.814,90.037,42.463,24.927,56.217,0.73555
bilayer si/sige,60,1050,RTO,560,10.42597115,11,7,SIMS,250.179,110.283,16.483,34.7706,77.624,0.61651
bilayer si/sige,60,1050,RTO,560,10.42597115,11,7,TBOX7,250.967,91.635,45.478,24.9162,56.399,0.74225
bilayer si/sige,60,1050,RTO,560,10.42597115,11,8,SIMS,250.086,107.714,16.027,34.6448,76.407,0.62568
bilayer si/sige,60,1050,RTO,560,10.42597115,11,8,TBOX7,250.991,95.738,36.034,27.8722,55.585,0.74544
bilayer si/sige,60,1050,RTO,560,10.42597115,11,9,SIMS,249.612,109.254,16.321,34.6364,76.89,0.62236
bilayer si/sige,60,1050,RTO,560,10.42597115,11,9,TBOX7,249.767,90.575,39.628,24.4889,56.731,0.74883
bilayer si/sige,60,1050,RTO,200,80,12,1,SIMS,251.923,91.123,31.42,22.2048,84.682,0.65616
bilayer si/sige,60,1050,RTO,200,80,12,1,TBOX7,252.489,57.429,69.298,16.8521,73.712,0.76995
bilayer si/sige,60,1050,RTO,200,80,12,2,SIMS,251.249,90.301,31.589,22.2752,84.612,0.64407
bilayer si/sige,60,1050,RTO,200,80,12,2,TBOX7,252.844,57.99,70.162,16.9995,73.622,0.7784
bilayer si/sige,60,1050,RTO,200,80,12,3,SIMS,251.616,90.985,31.461,22.2344,84.589,0.65206
bilayer si/sige,60,1050,RTO,200,80,12,3,TBOX7,252.244,57.398,69.404,16.9527,73.738,0.77258
bilayer si/sige,60,1050,RTO,200,80,12,4,SIMS,252.285,90.793,29.42,22.0326,84.093,0.67164
bilayer si/sige,60,1050,RTO,200,80,12,4,TBOX7,252.461,59.203,63.851,16.6766,73.68,0.76046
bilayer si/sige,60,1050,RTO,200,80,12,5,SIMS,251.827,90.853,29.01,21.854,83.885,0.6806
bilayer si/sige,60,1050,RTO,200,80,12,5,TBOX7,252.718,56.631,69.266,16.8108,74.017,0.76908
bilayer si/sige,60,1050,RTO,200,80,12,6,SIMS,252.236,88.687,28.583,22.1554,84.262,0.66393
bilayer si/sige,60,1050,RTO,200,80,12,6,TBOX7,252.583,56.014,67.895,16.8758,73.747,0.76567
bilayer si/sige,60,1050,RTO,200,80,12,7,SIMS,251.386,89.798,31.526,22.4593,85.395,0.63596
bilayer si/sige,60,1050,RTO,200,80,12,7,TBOX7,252.328,55.458,71.407,17.0207,73.72,0.77438
bilayer si/sige,60,1050,RTO,200,80,12,8,SIMS,251.585,89.229,30.142,22.3491,84.437,0.6554
bilayer si/sige,60,1050,RTO,200,80,12,8,TBOX7,251.861,57.343,66.368,16.9618,73.584,0.76473
bilayer si/sige,60,1050,RTO,200,80,12,9,SIMS,250.44,88.994,31.109,22.3616,84.587,0.64528
bilayer si/sige,60,1050,RTO,200,80,12,9,TBOX7,250.532,49.135,72.091,14.451,74.755,0.75398
bilayer si/sige,60,1150,RTO,560,57.19134295,13,1,SIMS,254.112,55.855,47.284,18.431,123.107,0.61596
bilayer si/sige,60,1150,RTO,560,57.19134295,13,1,TBOX7,252.313,18.952,68.03,17.1085,155.317,0.64377
bilayer si/sige,60,1150,RTO,560,57.19134295,13,2,SIMS,254.261,56.231,47.66,18.3872,124.702,0.61914
bilayer si/sige,60,1150,RTO,560,57.19134295,13,2,TBOX7,252.579,18.948,69.256,17.1136,155.913,0.6427
bilayer si/sige,60,1150,RTO,560,57.19134295,13,3,SIMS,254.093,55.473,47.022,18.4704,122.601,0.61607
bilayer si/sige,60,1150,RTO,560,57.19134295,13,3,TBOX7,252.338,18.605,68.271,17.1774,155.619,0.64326
bilayer si/sige,60,1150,RTO,560,57.19134295,13,4,SIMS,254.743,56.059,45.355,18.1726,123.278,0.6143
bilayer si/sige,60,1150,RTO,560,57.19134295,13,4,TBOX7,252.938,20.125,62.776,16.8989,156.346,0.63418
bilayer si/sige,60,1150,RTO,560,57.19134295,13,5,SIMS,254.323,56.175,44.834,18.0883,123.788,0.61216
bilayer si/sige,60,1150,RTO,560,57.19134295,13,5,TBOX7,252.789,19.259,67.493,17.0565,156.936,0.64008
bilayer si/sige,60,1150,RTO,560,57.19134295,13,6,SIMS,254.729,54.557,43.965,18.2941,122.65,0.60574
bilayer si/sige,60,1150,RTO,560,57.19134295,13,6,TBOX7,252.716,18.808,66.142,17.1374,156.079,0.64157
bilayer si/sige,60,1150,RTO,560,57.19134295,13,7,SIMS,254.027,55.709,47.156,18.6075,124.402,0.61684
bilayer si/sige,60,1150,RTO,560,57.19134295,13,7,TBOX7,252.47,17.558,69.526,17.3638,156.411,0.65055
bilayer si/sige,60,1150,RTO,560,57.19134295,13,8,SIMS,254.51,55.252,45.525,18.4482,122.899,0.61152
bilayer si/sige,60,1150,RTO,560,57.19134295,13,8,TBOX7,252.466,18.863,65.456,17.098,155.768,0.64359
bilayer si/sige,60,1150,RTO,560,57.19134295,13,9,SIMS,253.497,54.909,46.222,18.5985,123.597,0.61167
bilayer si/sige,60,1150,RTO,560,57.19134295,13,9,TBOX7,251.837,19.295,61.382,17.0286,158.338,0.63971
bilayer si/sige,60,950,RTO,200,33.80865705,14,1,SIMS,250.548,117.881,11.608,43.9136,69.798,0.60827
bilayer si/sige,60,950,RTO,200,33.80865705,14,1,TBOX7,250.44,117.597,24.727,37.8017,40.739,0.73838
bilayer si/sige,60,950,RTO,200,33.80865705,14,2,SIMS,249.707,118.727,11.602,43.8171,69.439,0.60494
bilayer si/sige,60,950,RTO,200,33.80865705,14,2,TBOX7,250.79,118.129,25.822,37.2193,40.661,0.73875
bilayer si/sige,60,950,RTO,200,33.80865705,14,3,SIMS,250.327,118.587,11.572,43.922,69.796,0.6105
bilayer si/sige,60,950,RTO,200,33.80865705,14,3,TBOX7,250.309,117.738,24.885,37.8225,40.853,0.73787
bilayer si/sige,60,950,RTO,200,33.80865705,14,4,SIMS,250.898,116.739,11.904,40.5607,69.85,0.62369
bilayer si/sige,60,950,RTO,200,33.80865705,14,4,TBOX7,250.919,117.098,22.278,37.5925,40.842,0.74011
bilayer si/sige,60,950,RTO,200,33.80865705,14,5,SIMS,249.846,116.981,11.676,40.5106,69.364,0.62784
bilayer si/sige,60,950,RTO,200,33.80865705,14,5,TBOX7,250.599,116.147,27.487,35.2531,40.915,0.74102
bilayer si/sige,60,950,RTO,200,33.80865705,14,6,SIMS,250.749,113.489,11.953,40.5317,69.855,0.61405
bilayer si/sige,60,950,RTO,200,33.80865705,14,6,TBOX7,250.766,115.061,25.094,36.7469,40.763,0.73525
bilayer si/sige,60,950,RTO,200,33.80865705,14,7,SIMS,250.451,117.002,11.859,43.8802,70.769,0.59145
bilayer si/sige,60,950,RTO,200,33.80865705,14,7,TBOX7,250.552,115.254,28.789,35.2591,40.68,0.73893
bilayer si/sige,60,950,RTO,200,33.80865705,14,8,SIMS,249.992,114.431,12.578,40.6304,69.841,0.60167
bilayer si/sige,60,950,RTO,200,33.80865705,14,8,TBOX7,250.307,116.209,23.964,37.3673,40.756,0.73583
bilayer si/sige,60,950,RTO,200,33.80865705,14,9,SIMS,249.078,115.084,13.004,40.5962,69.816,0.59467
bilayer si/sige,60,950,RTO,200,33.80865705,14,9,TBOX7,249.633,116.682,22.017,37.3798,41.098,0.74146
bilayer si/sige,60,950,RTO,560,33.80865705,15,1,SIMS,250.248,119.301,11.499,44.8688,74.871,0.6415
bilayer si/sige,60,950,RTO,560,33.80865705,15,1,TBOX7,249.385,118.257,23.037,40.2231,50.817,0.7333
bilayer si/sige,60,950,RTO,560,33.80865705,15,2,SIMS,249.78,116.89,11.744,44.6904,75.031,0.62842
bilayer si/sige,60,950,RTO,560,33.80865705,15,2,TBOX7,249.787,117.774,23.551,40.1487,50.612,0.73157
bilayer si/sige,60,950,RTO,560,33.80865705,15,3,SIMS,250.4,119.237,11.471,44.9058,74.449,0.64202
bilayer si/sige,60,950,RTO,560,33.80865705,15,3,TBOX7,249.363,118.69,23.174,40.1942,50.907,0.73323
bilayer si/sige,60,950,RTO,560,33.80865705,15,4,SIMS,251.186,115.523,10.953,44.6346,74.244,0.65023
bilayer si/sige,60,950,RTO,560,33.80865705,15,4,TBOX7,249.709,113.176,20.879,40.1488,50.641,0.72041
bilayer si/sige,60,950,RTO,560,33.80865705,15,5,SIMS,250.478,115.356,10.637,44.5565,74.241,0.6556
bilayer si/sige,60,950,RTO,560,33.80865705,15,5,TBOX7,249.599,115.901,22.971,40.0538,50.953,0.72742
bilayer si/sige,60,950,RTO,560,33.80865705,15,6,SIMS,250.999,111.197,11.033,44.6948,74.011,0.63866
bilayer si/sige,60,950,RTO,560,33.80865705,15,6,TBOX7,249.662,113.156,22.716,40.0496,50.677,0.72076
bilayer si/sige,60,950,RTO,560,33.80865705,15,7,SIMS,250.205,117.261,11.814,44.7591,75.475,0.62285
bilayer si/sige,60,950,RTO,560,33.80865705,15,7,TBOX7,249.521,116.599,24.139,40.0703,50.685,0.73055
bilayer si/sige,60,950,RTO,560,33.80865705,15,8,SIMS,250.334,114.25,11.446,44.7611,74.365,0.63354
bilayer si/sige,60,950,RTO,560,33.80865705,15,8,TBOX7,249.516,111.526,22.494,40.0973,50.393,0.71592
bilayer si/sige,60,950,RTO,560,33.80865705,15,9,SIMS,249.645,114.493,11.881,44.7089,74.51,0.62568
bilayer si/sige,60,950,RTO,560,33.80865705,15,9,TBOX7,248.445,112.139,20.603,40.0644,51.085,0.72353
bilayer si/sige,60,1150,RTO,200,57.19134295,16,1,SIMS,252.266,75.415,42.635,17.8472,94.992,0.63907
bilayer si/sige,60,1150,RTO,200,57.19134295,16,1,TBOX7,250.671,19.681,96.701,12.0074,98.116,0.6688
bilayer si/sige,60,1150,RTO,200,57.19134295,16,2,SIMS,251.774,74.459,42.653,18.0148,95.052,0.63239
bilayer si/sige,60,1150,RTO,200,57.19134295,16,2,TBOX7,250.871,18.772,98.482,12.0567,98.443,0.6719
bilayer si/sige,60,1150,RTO,200,57.19134295,16,3,SIMS,252.326,75.945,43.15,17.7879,94.957,0.64202
bilayer si/sige,60,1150,RTO,200,57.19134295,16,3,TBOX7,250.603,19.52,97.331,12.0013,98.4,0.67059
bilayer si/sige,60,1150,RTO,200,57.19134295,16,4,SIMS,253.301,74.816,40.085,17.6455,95.209,0.64515
bilayer si/sige,60,1150,RTO,200,57.19134295,16,4,TBOX7,251.55,22.93,89.119,11.9227,99.145,0.6651
bilayer si/sige,60,1150,RTO,200,57.19134295,16,5,SIMS,252.577,74.593,39.26,17.5934,94.891,0.65257
bilayer si/sige,60,1150,RTO,200,57.19134295,16,5,TBOX7,250.749,19.183,96.262,12.0598,99.181,0.667
bilayer si/sige,60,1150,RTO,200,57.19134295,16,6,SIMS,252.888,72.853,38.272,17.78,94.862,0.6465
bilayer si/sige,60,1150,RTO,200,57.19134295,16,6,TBOX7,250.924,18.653,93.34,12.1893,98.667,0.66419
bilayer si/sige,60,1150,RTO,200,57.19134295,16,7,SIMS,251.949,74.459,42.656,18.0501,95.715,0.62911
bilayer si/sige,60,1150,RTO,200,57.19134295,16,7,TBOX7,250.746,17.537,99.038,12.1609,98.71,0.67125
bilayer si/sige,60,1150,RTO,200,57.19134295,16,8,SIMS,252.527,73.669,40.225,17.9605,94.947,0.63688
bilayer si/sige,60,1150,RTO,200,57.19134295,16,8,TBOX7,250.966,18.976,91.397,12.1934,98.609,0.66366
bilayer si/sige,60,1150,RTO,200,57.19134295,16,9,SIMS,251.729,73.337,41.422,18.0325,95.38,0.63263
bilayer si/sige,60,1150,RTO,200,57.19134295,16,9,TBOX7,250.264,21.585,86.616,12.0602,99.961,0.65814
bilayer si/sige,60,950,RTO,375,70,17,1,SIMS,251.086,113.605,12.296,44.4851,80.022,0.66485
bilayer si/sige,60,950,RTO,375,70,17,1,TBOX7,249.672,108.854,24.274,39.713,64.198,0.71354
bilayer si/sige,60,950,RTO,375,70,17,2,SIMS,250.49,110.882,12.692,44.3236,80.738,0.65011
bilayer si/sige,60,950,RTO,375,70,17,2,TBOX7,249.877,107.293,25.095,39.7524,63.988,0.70948
bilayer si/sige,60,950,RTO,375,70,17,3,SIMS,250.794,114.418,12.311,44.4597,79.814,0.6677
bilayer si/sige,60,950,RTO,375,70,17,3,TBOX7,249.513,108.432,24.534,39.7672,64.299,0.71356
bilayer si/sige,60,950,RTO,375,70,17,4,SIMS,250.629,108.667,11.893,44.1912,79.393,0.66767
bilayer si/sige,60,950,RTO,375,70,17,4,TBOX7,248.957,103.238,22.44,39.4933,63.942,0.70157
bilayer si/sige,60,950,RTO,375,70,17,5,SIMS,250.97,110.5,11.389,43.9953,80.079,0.68197
bilayer si/sige,60,950,RTO,375,70,17,5,TBOX7,249.708,104.961,24.672,39.482,64.592,0.70279
bilayer si/sige,60,950,RTO,375,70,17,6,SIMS,251.312,109.115,11.583,44.2225,79.681,0.67103
bilayer si/sige,60,950,RTO,375,70,17,6,TBOX7,249.808,104.665,24.162,39.4965,64.223,0.7043
bilayer si/sige,60,950,RTO,375,70,17,7,SIMS,250.626,112.751,12.626,44.4478,81.12,0.65347
bilayer si/sige,60,950,RTO,375,70,17,7,TBOX7,249.745,107.275,25.666,39.6419,64.172,0.71097
bilayer si/sige,60,950,RTO,375,70,17,8,SIMS,250.942,108.969,12.269,44.3994,80.051,0.65487
bilayer si/sige,60,950,RTO,375,70,17,8,TBOX7,249.713,104.187,23.744,39.5996,63.847,0.70387
bilayer si/sige,60,950,RTO,375,70,17,9,SIMS,249.748,109.935,12.58,44.3345,80.514,0.65224
bilayer si/sige,60,950,RTO,375,70,17,9,TBOX7,248.016,104.235,21.978,39.3315,64.659,0.70491
bilayer si/sige,60,1150,RTO,375,22.1173141,18,1,SIMS,251.599,75.793,40.395,17.908,91.465,0.63289
bilayer si/sige,60,1150,RTO,375,22.1173141,18,1,TBOX7,250.101,21.456,95.313,11.7473,90.879,0.68637
bilayer si/sige,60,1150,RTO,375,22.1173141,18,2,SIMS,251.283,76.895,41.178,17.933,92.513,0.62976
bilayer si/sige,60,1150,RTO,375,22.1173141,18,2,TBOX7,250.519,20.529,97.838,11.792,91.229,0.68941
bilayer si/sige,60,1150,RTO,375,22.1173141,18,3,SIMS,251.452,75.684,40.427,17.923,91.286,0.63136
bilayer si/sige,60,1150,RTO,375,22.1173141,18,3,TBOX7,249.855,20.593,96.294,11.7964,91.229,0.68721
bilayer si/sige,60,1150,RTO,375,22.1173141,18,4,SIMS,252.33,76.744,38.358,17.6165,92.176,0.64844
bilayer si/sige,60,1150,RTO,375,22.1173141,18,4,TBOX7,250.024,24.864,88.986,11.6135,91.471,0.6808
bilayer si/sige,60,1150,RTO,375,22.1173141,18,5,SIMS,251.975,78.029,38.325,17.3564,91.924,0.65817
bilayer si/sige,60,1150,RTO,375,22.1173141,18,5,TBOX7,250.499,21.806,95.865,11.7394,91.541,0.68632
bilayer si/sige,60,1150,RTO,375,22.1173141,18,6,SIMS,252.779,76.301,37.09,17.6923,91.752,0.64478
bilayer si/sige,60,1150,RTO,375,22.1173141,18,6,TBOX7,250.8,22.261,94.293,11.7203,91.235,0.68823
bilayer si/sige,60,1150,RTO,375,22.1173141,18,7,SIMS,251.494,76.631,41.124,18.0161,92.574,0.62887
bilayer si/sige,60,1150,RTO,375,22.1173141,18,7,TBOX7,250.083,19.685,99.254,11.8026,91.681,0.69244
bilayer si/sige,60,1150,RTO,375,22.1173141,18,8,SIMS,252.035,76.449,39.169,17.8466,91.835,0.63856
bilayer si/sige,60,1150,RTO,375,22.1173141,18,8,TBOX7,250.719,22.515,92.757,11.7228,90.907,0.6863
bilayer si/sige,60,1150,RTO,375,22.1173141,18,9,SIMS,250.682,76.024,40.449,17.9259,92.268,0.63347
bilayer si/sige,60,1150,RTO,375,22.1173141,18,9,TBOX7,249.099,25.374,88.116,11.6047,92.323,0.6774
bilayer si/sige,60,1150,DIFF,0,22,19,1,SIMS,248.558,89.115,41.851,18.401,60.855,0.52004
bilayer si/sige,60,1150,DIFF,0,22,19,1,TBOX7,248.836,0,151.974,6.2967,24.37,0.79037
bilayer si/sige,60,1150,DIFF,0,22,19,2,SIMS,247.994,88.338,42.586,18.466,60.833,0.51054
bilayer si/sige,60,1150,DIFF,0,22,19,2,TBOX7,248.79,0,152.829,6.3703,24.445,0.78988
bilayer si/sige,60,1150,DIFF,0,22,19,3,SIMS,248.483,89.606,41.998,18.3721,60.808,0.52178
bilayer si/sige,60,1150,DIFF,0,22,19,3,TBOX7,248.551,0,152.898,6.2694,24.387,0.79319
bilayer si/sige,60,1150,DIFF,0,22,19,4,SIMS,249.527,89.686,37.978,18.483,60.969,0.52925
bilayer si/sige,60,1150,DIFF,0,22,19,4,TBOX7,249.469,0,145.176,6.2153,24.489,0.77922
bilayer si/sige,60,1150,DIFF,0,22,19,5,SIMS,249.106,91.206,37.538,18.3531,60.88,0.53753
bilayer si/sige,60,1150,DIFF,0,22,19,5,TBOX7,248.899,0,151.957,6.3008,24.593,0.78901
bilayer si/sige,60,1150,DIFF,0,22,19,6,SIMS,249.851,95.584,28.793,21.8741,60.242,0.52658
bilayer si/sige,60,1150,DIFF,0,22,19,6,TBOX7,249.168,0,148.856,6.3742,24.539,0.7829
bilayer si/sige,60,1150,DIFF,0,22,19,7,SIMS,248.733,95.4,33.821,21.7705,61.457,0.502
bilayer si/sige,60,1150,DIFF,0,22,19,7,TBOX7,249.158,0,151.873,6.5547,24.483,0.78546
bilayer si/sige,60,1150,DIFF,0,22,19,8,SIMS,249.079,95.354,31.329,21.8117,60.815,0.51321
bilayer si/sige,60,1150,DIFF,0,22,19,8,TBOX7,249.405,0,145.596,6.4768,24.692,0.77502
bilayer si/sige,60,1150,DIFF,0,22,19,9,SIMS,247.49,95.654,33.13,21.7308,60.433,0.50915
bilayer si/sige,60,1150,DIFF,0,22,19,9,TBOX7,247.876,0,145.172,6.1469,24.597,0.78097
bilayer si/sige,60,1150,DIFF,0,57,20,1,SIMS,248.385,93.708,32.826,21.931,60.132,0.50333
bilayer si/sige,60,1150,DIFF,0,57,20,1,TBOX7,248.195,0,147.844,6.7913,23.548,0.74978
bilayer si/sige,60,1150,DIFF,0,57,20,2,SIMS,247.72,94.235,33.63,21.9473,60.356,0.50034
bilayer si/sige,60,1150,DIFF,0,57,20,2,TBOX7,248.339,0,149.718,6.8426,23.498,0.75021
bilayer si/sige,60,1150,DIFF,0,57,20,3,SIMS,248.448,93.736,32.899,21.9236,60.142,0.50425
bilayer si/sige,60,1150,DIFF,0,57,20,3,TBOX7,248.113,0,147.159,6.8807,23.592,0.74569
bilayer si/sige,60,1150,DIFF,0,57,20,4,SIMS,249.708,94.422,30.175,21.965,60.079,0.51795
bilayer si/sige,60,1150,DIFF,0,57,20,4,TBOX7,248.877,0,143.253,6.5151,23.491,0.74815
bilayer si/sige,60,1150,DIFF,0,57,20,5,SIMS,248.898,96.704,29.818,21.8134,59.74,0.53128
bilayer si/sige,60,1150,DIFF,0,57,20,5,TBOX7,248.482,0,148.601,6.7393,23.606,0.7508
bilayer si/sige,60,1150,DIFF,0,57,20,6,SIMS,249.872,94.589,29.2,21.9885,59.962,0.52132
bilayer si/sige,60,1150,DIFF,0,57,20,6,TBOX7,248.815,0,146.197,6.7713,23.625,0.74689
bilayer si/sige,60,1150,DIFF,0,57,20,7,SIMS,248.702,93.132,33.708,22.0192,60.984,0.49304
bilayer si/sige,60,1150,DIFF,0,57,20,7,TBOX7,248.659,0,148.925,6.9912,23.499,0.74688
bilayer si/sige,60,1150,DIFF,0,57,20,8,SIMS,249.173,93.658,31.352,22.0186,60.137,0.50627
bilayer si/sige,60,1150,DIFF,0,57,20,8,TBOX7,248.952,0,144.242,6.7839,23.643,0.74306
bilayer si/sige,60,1150,DIFF,0,57,20,9,SIMS,247.871,92.328,32.231,22.1322,59.875,0.49346
bilayer si/sige,60,1150,DIFF,0,57,20,9,TBOX7,247.629,0,142.033,6.4867,23.742,0.748
bilayer si/sige,60,950,DIFF,0,34,21,1,SIMS,247.83,118.895,12.686,39.0696,57.878,0.56292
bilayer si/sige,60,950,DIFF,0,34,21,1,TBOX7,250.219,105.567,43.939,24.237,18.754,0.80203
bilayer si/sige,60,950,DIFF,0,34,21,2,SIMS,246.962,118.847,13.688,37.7019,57.656,0.55375
bilayer si/sige,60,950,DIFF,0,34,21,2,TBOX7,250.375,106.044,45.585,24.1405,18.736,0.80657
bilayer si/sige,60,950,DIFF,0,34,21,3,SIMS,247.969,119.174,12.722,39.0733,57.849,0.56209
bilayer si/sige,60,950,DIFF,0,34,21,3,TBOX7,250.487,105.67,44.488,24.2482,18.76,0.80175
bilayer si/sige,60,950,DIFF,0,34,21,4,SIMS,248.398,116.647,14.513,34.6391,58.442,0.57653
bilayer si/sige,60,950,DIFF,0,34,21,4,TBOX7,250.342,107.109,40.343,24.1386,18.825,0.80473
bilayer si/sige,60,950,DIFF,0,34,21,5,SIMS,248.177,115.848,14.213,34.5458,57.454,0.58102
bilayer si/sige,60,950,DIFF,0,34,21,5,TBOX7,250.576,105.981,44.849,24.0445,18.713,0.80956
bilayer si/sige,60,950,DIFF,0,34,21,6,SIMS,248.679,112.362,14.603,34.6251,57.995,0.56712
bilayer si/sige,60,950,DIFF,0,34,21,6,TBOX7,250.39,103.19,43.926,24.1323,18.75,0.80271
bilayer si/sige,60,950,DIFF,0,34,21,7,SIMS,247.615,117.029,13.244,39.2121,58.771,0.54041
bilayer si/sige,60,950,DIFF,0,34,21,7,TBOX7,250.508,103.853,46.786,24.1141,18.624,0.80708
bilayer si/sige,60,950,DIFF,0,34,21,8,SIMS,247.703,111.925,15.57,34.885,58.105,0.5478
bilayer si/sige,60,950,DIFF,0,34,21,8,TBOX7,250.553,102.351,42.981,24.215,18.8,0.79785
bilayer si/sige,60,950,DIFF,0,34,21,9,SIMS,247.065,114.428,15.787,34.9962,58.067,0.54568
bilayer si/sige,60,950,DIFF,0,34,21,9,TBOX7,249.435,105.479,39.911,24.1048,18.951,0.80461
bilayer si/sige,60,950,DIFF,0,70,22,1,SIMS,247.164,116.468,15.897,34.3212,58.508,0.55458
bilayer si/sige,60,950,DIFF,0,70,22,1,TBOX7,250.182,102.999,47.785,23.0827,18.587,0.82366
bilayer si/sige,60,950,DIFF,0,70,22,2,SIMS,246.415,117.507,16.051,34.2862,59.191,0.54711
bilayer si/sige,60,950,DIFF,0,70,22,2,TBOX7,250.384,103.656,49.288,23.0462,18.51,0.82625
bilayer si/sige,60,950,DIFF,0,70,22,3,SIMS,247.061,117.366,15.803,34.3405,58.382,0.55646
bilayer si/sige,60,950,DIFF,0,70,22,3,TBOX7,250.343,103.593,48.048,23.1325,18.536,0.82444
bilayer si/sige,60,950,DIFF,0,70,22,4,SIMS,248.094,118.454,14.573,34.1859,58.619,0.5745
bilayer si/sige,60,950,DIFF,0,70,22,4,TBOX7,250.842,105.511,43.682,22.9322,18.638,0.82364
bilayer si/sige,60,950,DIFF,0,70,22,5,SIMS,247.559,118.054,14.258,33.9993,58.668,0.58041
bilayer si/sige,60,950,DIFF,0,70,22,5,TBOX7,250.345,104.191,48.469,22.8047,18.582,0.82899
bilayer si/sige,60,950,DIFF,0,70,22,6,SIMS,248.381,111.136,15.079,34.1398,58.369,0.5579
bilayer si/sige,60,950,DIFF,0,70,22,6,TBOX7,250.889,99.73,47.462,23.0191,18.435,0.82324
bilayer si/sige,60,950,DIFF,0,70,22,7,SIMS,247.011,113.822,16.617,34.4134,59.008,0.53123
bilayer si/sige,60,950,DIFF,0,70,22,7,TBOX7,250.715,100.37,50.353,23.0553,18.43,0.82701
bilayer si/sige,60,950,DIFF,0,70,22,8,SIMS,247.711,112.946,15.798,34.2895,58.339,0.54712
bilayer si/sige,60,950,DIFF,0,70,22,8,TBOX7,251.009,100.37,46.17,23.1251,18.645,0.82146
bilayer si/sige,60,950,DIFF,0,70,22,9,SIMS,246.525,113.797,16.322,34.327,56.843,0.54469
bilayer si/sige,60,950,DIFF,0,70,22,9,TBOX7,250.073,101.581,43.276,22.9075,18.613,0.82154
