site,wafer,time_dep,geh4,b2h6,th_sigeb.xrr,th_sigeb.xrd,xge.xrd,xge.sims,b_conc.sims,th_sigeb.ell, N_1(240.0nm), N_1(245.0nm), N_1(250.0nm), N_1(255.0nm), N_1(260.0nm), N_1(265.0nm), N_1(270.0nm), N_1(275.0nm), N_1(280.0nm), N_1(285.0nm), N_1(290.0nm), N_1(295.0nm), N_1(300.0nm), N_1(305.0nm), N_1(310.0nm), N_1(315.0nm), N_1(320.0nm), N_1(325.0nm), N_1(330.0nm), N_1(335.0nm), N_1(340.0nm), N_1(345.0nm), N_1(350.0nm), N_1(355.0nm), N_1(360.0nm), N_1(365.0nm), N_1(370.0nm), N_1(375.0nm), N_1(380.0nm), N_1(385.0nm), N_1(390.0nm), N_1(395.0nm), N_1(400.0nm), N_1(405.0nm), N_1(410.0nm), N_1(415.0nm), N_1(420.0nm), N_1(425.0nm), N_1(430.0nm), N_1(435.0nm), N_1(440.0nm), N_1(445.0nm), N_1(450.0nm), N_1(455.0nm), N_1(460.0nm), N_1(465.0nm), N_1(470.0nm), N_1(475.0nm), N_1(480.0nm), N_1(485.0nm), N_1(490.0nm), N_1(495.0nm), N_1(500.0nm), N_1(505.0nm), N_1(510.0nm), N_1(515.0nm), N_1(520.0nm), N_1(525.0nm), N_1(530.0nm), N_1(535.0nm), N_1(540.0nm), N_1(545.0nm), N_1(550.0nm), N_1(555.0nm), N_1(560.0nm), N_1(565.0nm), N_1(570.0nm), N_1(575.0nm), N_1(580.0nm), N_1(585.0nm), N_1(590.0nm), N_1(595.0nm), N_1(600.0nm), N_1(605.0nm), N_1(610.0nm), N_1(615.0nm), N_1(620.0nm), N_1(625.0nm), N_1(630.0nm), N_1(635.0nm), N_1(640.0nm), N_1(645.0nm), N_1(650.0nm), N_1(655.0nm), N_1(660.0nm), N_1(665.0nm), N_1(670.0nm), N_1(675.0nm), N_1(680.0nm), N_1(685.0nm), N_1(690.0nm), N_1(695.0nm), N_1(700.0nm), N_1(705.0nm), N_1(710.0nm), N_1(715.0nm), N_1(720.0nm), N_1(725.0nm), N_1(730.0nm), N_1(735.0nm), N_1(740.0nm), N_1(745.0nm), N_1(750.0nm), N_1(755.0nm), N_1(760.0nm), N_1(765.0nm), N_1(770.0nm), N_1(775.0nm), N_1(780.0nm), K_1(250.0nm), K_1(255.0nm), K_1(260.0nm), K_1(265.0nm), K_1(270.0nm), K_1(275.0nm), K_1(280.0nm), K_1(285.0nm), K_1(290.0nm), K_1(295.0nm), K_1(300.0nm), K_1(305.0nm), K_1(310.0nm), K_1(315.0nm), K_1(320.0nm), K_1(325.0nm), K_1(330.0nm), K_1(335.0nm), K_1(340.0nm), K_1(345.0nm), K_1(350.0nm), K_1(355.0nm), K_1(360.0nm), K_1(365.0nm), K_1(370.0nm), K_1(375.0nm), K_1(380.0nm), K_1(385.0nm), K_1(390.0nm), K_1(395.0nm), K_1(400.0nm), K_1(405.0nm), K_1(410.0nm), K_1(415.0nm), K_1(420.0nm), K_1(425.0nm), K_1(430.0nm), K_1(435.0nm), K_1(440.0nm), K_1(445.0nm), K_1(450.0nm), K_1(455.0nm), K_1(460.0nm), K_1(465.0nm), K_1(470.0nm), K_1(475.0nm), K_1(480.0nm), K_1(485.0nm), K_1(490.0nm), K_1(495.0nm), K_1(500.0nm), K_1(505.0nm), K_1(510.0nm), K_1(515.0nm), K_1(520.0nm), K_1(525.0nm), K_1(530.0nm), K_1(535.0nm), K_1(540.0nm), K_1(545.0nm), K_1(550.0nm), K_1(555.0nm), K_1(560.0nm), K_1(565.0nm), K_1(570.0nm), K_1(575.0nm), K_1(580.0nm), K_1(585.0nm), K_1(590.0nm), K_1(595.0nm), K_1(600.0nm), K_1(605.0nm), K_1(610.0nm), K_1(615.0nm), K_1(620.0nm), K_1(625.0nm), K_1(630.0nm), K_1(635.0nm), K_1(640.0nm), K_1(645.0nm), K_1(650.0nm), K_1(655.0nm), K_1(660.0nm), K_1(665.0nm), K_1(670.0nm), K_1(675.0nm), K_1(680.0nm), K_1(685.0nm), K_1(690.0nm), K_1(695.0nm), K_1(700.0nm), K_1(705.0nm), K_1(710.0nm), K_1(715.0nm), K_1(720.0nm), K_1(725.0nm), K_1(730.0nm), K_1(735.0nm), K_1(740.0nm), K_1(745.0nm), K_1(750.0nm), K_1(755.0nm), K_1(760.0nm), K_1(765.0nm), K_1(770.0nm), K_1(775.0nm), K_1(780.0nm)
1,1,350,690,125,150.966,143.52,31.897,35.61,3.62E+20,144.708,1.78747,1.8051,1.83659,1.90502,2.03048,2.2011,2.40443,2.68553,3.10209,3.61973,4.09426,4.41347,4.58168,4.65564,4.68369,4.6942,4.70164,4.7129,4.73099,4.75696,4.79079,4.83185,4.87912,4.93128,4.98679,5.04397,5.10106,5.15636,5.20838,5.2559,5.29812,5.33471,5.3658,5.39189,5.41356,5.43106,5.44357,5.4485,5.44129,5.41685,5.37244,5.30999,5.23551,5.15607,5.0772,5.00213,4.93224,4.8678,4.80856,4.75404,4.7037,4.65707,4.61368,4.57316,4.53519,4.4995,4.46586,4.43406,4.40395,4.37538,4.34822,4.32237,4.29772,4.2742,4.25173,4.23023,4.20965,4.18993,4.17102,4.15287,4.13543,4.11867,4.10255,4.08704,4.0721,4.0577,4.04381,4.03042,4.01749,4.005,3.99294,3.98128,3.97,3.95908,3.94851,3.93828,3.92836,3.91875,3.90943,3.90039,3.89161,3.8831,3.87482,3.86678,3.85897,3.85138,3.84399,3.83681,3.82981,3.823,3.81638,3.80992,3.80363,3.7975,3.79152,3.78569,3.78,3.77445,3.76904,3.5693,3.74827,3.94281,4.12739,4.31867,4.53041,4.6976,4.6989,4.49038,4.16532,3.83875,3.56405,3.34783,3.18006,3.04848,2.9427,2.85471,2.77839,2.70905,2.64302,2.57741,2.50993,2.43889,2.36308,2.28187,2.19509,2.10305,2.00645,1.9062,1.80329,1.69854,1.59234,1.48444,1.37378,1.25861,1.13727,1.00975,0.87939,0.75313,0.63885,0.54187,0.46329,0.40109,0.35197,0.31277,0.2809,0.25447,0.23211,0.21286,0.19603,0.18114,0.16784,0.15586,0.14501,0.13513,0.1261,0.11782,0.11021,0.1032,0.09673,0.09075,0.0852,0.08006,0.07529,0.07085,0.06671,0.06286,0.05926,0.05589,0.05274,0.04979,0.04702,0.04442,0.04198,0.03968,0.03751,0.03546,0.03353,0.0317,0.02997,0.02833,0.02677,0.02529,0.02389,0.02255,0.02128,0.02006,0.0189,0.01779,0.01673,0.01571,0.01473,0.0138,0.0129,0.01204,0.0112,0.0104,0.00963,0.00889,0.00817,0.00747,0.0068,0.00615,0.00555,0.00509,0.00465,0.00423
5,1,350,690,125,151.044,141.89,31.94,35.78,3.53E+20,144.788,1.78836,1.80568,1.83646,1.90431,2.02982,2.20117,2.40502,2.686,3.10298,3.62222,4.09811,4.41728,4.58448,4.65726,4.68432,4.6941,4.70104,4.71199,4.7299,4.75578,4.7896,4.8307,4.87805,4.93032,4.98595,5.04325,5.10048,5.15593,5.2081,5.25578,5.29819,5.33498,5.3663,5.39263,5.41457,5.43234,5.44517,5.4505,5.44379,5.41993,5.37603,5.31386,5.23937,5.15971,5.08052,5.00512,4.93494,4.87027,4.81085,4.75619,4.70576,4.65904,4.6156,4.57504,4.53703,4.50131,4.46764,4.43583,4.4057,4.37712,4.34995,4.32408,4.29943,4.27591,4.25343,4.23193,4.21134,4.19162,4.1727,4.15455,4.13711,4.12035,4.10423,4.08872,4.07377,4.05937,4.04549,4.0321,4.01917,4.00668,3.99462,3.98296,3.97168,3.96076,3.9502,3.93996,3.93005,3.92044,3.91112,3.90208,3.89331,3.88479,3.87652,3.86848,3.86067,3.85308,3.84569,3.83851,3.83152,3.82471,3.81809,3.81163,3.80534,3.79921,3.79323,3.78741,3.78172,3.77618,3.77076,3.56948,3.74894,3.94432,4.12935,4.32037,4.53213,4.70008,4.70152,4.49159,4.16464,3.83683,3.56168,3.34552,3.17806,3.04689,2.94156,2.85399,2.77806,2.70909,2.64338,2.57805,2.51082,2.44,2.36439,2.28335,2.19673,2.10485,2.0084,1.9083,1.80553,1.70089,1.5948,1.48698,1.37639,1.26129,1.14,1.01244,0.88187,0.75512,0.64018,0.54252,0.46341,0.40084,0.35152,0.31222,0.28033,0.25391,0.23158,0.21235,0.19555,0.18069,0.16741,0.15545,0.14461,0.13475,0.12573,0.11746,0.10986,0.10285,0.09638,0.0904,0.08486,0.07972,0.07495,0.0705,0.06637,0.06251,0.05891,0.05554,0.05239,0.04944,0.04666,0.04406,0.04161,0.03931,0.03714,0.03509,0.03315,0.03132,0.02958,0.02794,0.02638,0.0249,0.02349,0.02215,0.02087,0.01965,0.01848,0.01737,0.0163,0.01528,0.0143,0.01336,0.01246,0.01159,0.01075,0.00995,0.00917,0.00842,0.0077,0.007,0.00632,0.00567,0.00506,0.0046,0.00416,0.00374
13,1,350,690,125,148.746,140.26,32.223,36.15,3.46E+20,142.6,1.78986,1.80684,1.83671,1.90381,2.0293,2.20206,2.40712,2.68699,3.10274,3.62286,4.10019,4.41921,4.58492,4.65587,4.68133,4.6899,4.69599,4.70639,4.72397,4.7497,4.78349,4.82466,4.87212,4.92453,4.9803,5.03773,5.09505,5.15059,5.20284,5.25062,5.29317,5.3302,5.36189,5.38875,5.4114,5.43012,5.44416,5.45102,5.44619,5.4244,5.38237,5.32147,5.24751,5.16779,5.08821,5.01234,4.94171,4.87668,4.81698,4.7621,4.71148,4.66462,4.62104,4.58036,4.54224,4.50642,4.47265,4.44073,4.41051,4.38184,4.35459,4.32864,4.30392,4.28032,4.25778,4.23622,4.21558,4.1958,4.17684,4.15864,4.14116,4.12436,4.1082,4.09265,4.07768,4.06325,4.04934,4.03593,4.02298,4.01047,3.99839,3.98671,3.97541,3.96448,3.9539,3.94366,3.93373,3.92411,3.91478,3.90573,3.89695,3.88843,3.88015,3.8721,3.86429,3.85669,3.8493,3.84211,3.83511,3.8283,3.82167,3.81521,3.80892,3.80279,3.79681,3.79098,3.78529,3.77974,3.77433,3.5681,3.74788,3.94418,4.12973,4.31915,4.52936,4.69799,4.70037,4.48937,4.16032,3.83107,3.55552,3.3397,3.17298,3.04272,2.93833,2.85168,2.77662,2.70843,2.64343,2.57872,2.51206,2.44173,2.3666,2.28603,2.19991,2.10857,2.01273,1.91332,1.81132,1.70752,1.60231,1.49539,1.38566,1.27135,1.15069,1.02338,0.89243,0.76456,0.64796,0.54852,0.46787,0.40415,0.35404,0.31421,0.28195,0.25526,0.2327,0.21329,0.19631,0.18128,0.16784,0.15574,0.14477,0.13478,0.12566,0.11729,0.10959,0.10251,0.09597,0.08992,0.08432,0.07913,0.07431,0.06982,0.06564,0.06175,0.05812,0.05472,0.05154,0.04856,0.04576,0.04313,0.04066,0.03834,0.03615,0.03408,0.03212,0.03027,0.02852,0.02686,0.02528,0.02378,0.02236,0.021,0.01971,0.01847,0.01729,0.01616,0.01508,0.01405,0.01305,0.0121,0.01118,0.0103,0.00945,0.00864,0.00785,0.00709,0.00635,0.00564,0.00495,0.00428,0.00367,0.00324,0.00282,0.00243
1,2,425,560,125,123.656,122.76,27.126,31.58,7.63E+20,114.676,1.81987,1.82563,1.84921,1.92118,2.06278,2.22894,2.40507,2.6749,3.08552,3.57639,4.02194,4.33877,4.52809,4.63126,4.68705,4.72044,4.74537,4.76911,4.79526,4.82546,4.86028,4.89964,4.94311,4.99003,5.03954,5.09067,5.14238,5.19354,5.24299,5.28958,5.33214,5.36955,5.40067,5.42432,5.43917,5.44364,5.43575,5.41332,5.37476,5.32049,5.25394,5.1805,5.10525,5.03145,4.96073,4.89377,4.83086,4.7721,4.71744,4.66671,4.61963,4.57587,4.53511,4.49703,4.46134,4.42777,4.39609,4.36612,4.33768,4.31064,4.28487,4.26027,4.23675,4.21423,4.19264,4.17192,4.15201,4.13288,4.11446,4.09674,4.07965,4.06319,4.0473,4.03197,4.01717,4.00287,3.98905,3.97568,3.96275,3.95024,3.93813,3.92639,3.91502,3.904,3.89332,3.88295,3.87289,3.86313,3.85365,3.84444,3.83549,3.8268,3.81834,3.81012,3.80212,3.79433,3.78675,3.77937,3.77218,3.76518,3.75835,3.7517,3.74521,3.73889,3.73271,3.72669,3.72081,3.71507,3.70947,3.55323,3.7428,3.93158,4.08925,4.2744,4.49619,4.65933,4.65846,4.47702,4.19417,3.89971,3.64003,3.42548,3.25105,3.10809,2.98849,2.88567,2.79448,2.71095,2.63194,2.55496,2.47805,2.39961,2.31838,2.23341,2.14397,2.04961,1.95006,1.84527,1.73532,1.62041,1.50087,1.37709,1.24974,1.12001,0.99015,0.86407,0.74697,0.64365,0.55632,0.48423,0.42503,0.37625,0.33588,0.30236,0.27441,0.25092,0.23096,0.21377,0.19875,0.18545,0.17351,0.16268,0.15277,0.14364,0.13519,0.12734,0.12002,0.11319,0.10681,0.10083,0.09524,0.09,0.0851,0.0805,0.07618,0.07214,0.06835,0.06479,0.06144,0.05831,0.05536,0.05259,0.04999,0.04754,0.04524,0.04307,0.04103,0.0391,0.03729,0.03558,0.03396,0.03243,0.03099,0.02963,0.02834,0.02711,0.02596,0.02486,0.02382,0.02283,0.02189,0.021,0.02015,0.01934,0.01857,0.01784,0.01714,0.01647,0.01584,0.01523,0.01465,0.01409,0.01359,0.01325,0.01292,0.01261
5,2,425,560,125,123.328,119.44,27.301,31.88,7.38E+20,114.37,1.81999,1.82546,1.84786,1.91873,2.06022,2.22696,2.40338,2.67351,3.08566,3.57911,4.02638,4.34316,4.53144,4.63335,4.68804,4.72054,4.74478,4.768,4.79378,4.82376,4.85846,4.89784,4.94144,4.98858,5.0384,5.08993,5.14209,5.19373,5.24368,5.29075,5.33377,5.37158,5.40304,5.42695,5.442,5.44664,5.43895,5.41682,5.3787,5.32498,5.25889,5.18567,5.11034,5.03626,4.96516,4.8978,4.83453,4.77547,4.72057,4.66964,4.6224,4.57853,4.53767,4.49952,4.46377,4.43015,4.39844,4.36844,4.33999,4.31293,4.28715,4.26254,4.23901,4.21649,4.19489,4.17417,4.15427,4.13514,4.11673,4.09901,4.08193,4.06547,4.0496,4.03427,4.01948,4.00518,3.99137,3.97801,3.96509,3.95259,3.94048,3.92876,3.9174,3.90639,3.89571,3.88535,3.8753,3.86555,3.85608,3.84688,3.83794,3.82925,3.8208,3.81259,3.80459,3.79682,3.78925,3.78187,3.77469,3.7677,3.76088,3.75424,3.74776,3.74144,3.73527,3.72926,3.72338,3.71765,3.71205,3.5535,3.74367,3.93363,4.09197,4.27746,4.50022,4.66453,4.66337,4.47981,4.19458,3.89858,3.63821,3.42351,3.24924,3.10662,2.98747,2.88515,2.79451,2.71154,2.63308,2.55664,2.48022,2.40222,2.32136,2.23667,2.14742,2.05315,1.95361,1.84874,1.73864,1.62355,1.5038,1.37985,1.25238,1.12259,0.99271,0.86654,0.74916,0.64528,0.55722,0.4844,0.42461,0.37542,0.33482,0.30118,0.2732,0.24972,0.22979,0.21265,0.19769,0.18443,0.17254,0.16176,0.15189,0.1428,0.13438,0.12656,0.11927,0.11246,0.1061,0.10014,0.09457,0.08934,0.08445,0.07986,0.07555,0.07152,0.06773,0.06418,0.06084,0.0577,0.05476,0.05199,0.04939,0.04694,0.04464,0.04247,0.04043,0.0385,0.03668,0.03497,0.03335,0.03182,0.03038,0.02901,0.02771,0.02649,0.02533,0.02422,0.02318,0.02219,0.02124,0.02035,0.01949,0.01868,0.0179,0.01717,0.01646,0.01579,0.01515,0.01453,0.01395,0.01338,0.01288,0.01253,0.01219,0.01187
13,2,425,560,125,122.05,118.22,27.77,32.2,7.10E+20,113.138,1.82078,1.82569,1.84605,1.91516,2.05658,2.22457,2.40154,2.67124,3.08438,3.58074,4.03016,4.34676,4.53343,4.63345,4.68643,4.71754,4.74068,4.76308,4.78828,4.81788,4.85241,4.89179,4.93556,4.98302,5.03329,5.08536,5.13814,5.19046,5.24112,5.2889,5.3326,5.37107,5.40314,5.42762,5.44324,5.44849,5.44154,5.42043,5.38369,5.33157,5.26697,5.19472,5.11972,5.04543,4.97383,4.90588,4.84206,4.78253,4.72724,4.67599,4.6285,4.58442,4.5434,4.5051,4.46923,4.4355,4.4037,4.37362,4.34509,4.31796,4.29212,4.26746,4.24388,4.22131,4.19968,4.17892,4.15899,4.13983,4.1214,4.10365,4.08656,4.07008,4.05419,4.03885,4.02404,4.00974,3.99592,3.98256,3.96963,3.95712,3.94501,3.93329,3.92193,3.91091,3.90024,3.88988,3.87983,3.87008,3.86061,3.85142,3.84248,3.8338,3.82536,3.81714,3.80916,3.80138,3.79382,3.78645,3.77928,3.77229,3.76548,3.75884,3.75236,3.74605,3.73989,3.73388,3.72802,3.72229,3.7167,3.55234,3.74336,3.93503,4.09406,4.27905,4.50223,4.66816,4.66709,4.48104,4.19278,3.89482,3.63365,3.41894,3.24511,3.1032,2.98491,2.88355,2.79391,2.71196,2.63451,2.55904,2.48354,2.40636,2.32624,2.24217,2.15344,2.05958,1.96035,1.8557,1.74576,1.63079,1.51117,1.38738,1.26015,1.13068,1.00112,0.87505,0.75727,0.65234,0.56274,0.48829,0.42708,0.37682,0.33549,0.30139,0.27311,0.24944,0.22939,0.21215,0.19711,0.18379,0.17185,0.16101,0.1511,0.14196,0.1335,0.12564,0.11832,0.11148,0.10508,0.0991,0.0935,0.08825,0.08333,0.07872,0.07439,0.07034,0.06653,0.06296,0.05961,0.05646,0.0535,0.05071,0.0481,0.04563,0.04332,0.04113,0.03907,0.03713,0.0353,0.03357,0.03194,0.0304,0.02894,0.02756,0.02625,0.02501,0.02383,0.02271,0.02165,0.02065,0.01969,0.01878,0.01791,0.01709,0.0163,0.01555,0.01483,0.01414,0.01349,0.01286,0.01226,0.01168,0.01116,0.01083,0.0105,0.01019
1,3,500,690,125,216.384,210.84,31.842,35.62,3.55E+20,206.937,1.74564,1.77863,1.83882,1.92466,2.0374,2.19374,2.40934,2.70543,3.11755,3.6207,4.08916,4.41141,4.58364,4.6591,4.68652,4.69542,4.70113,4.711,4.72826,4.75398,4.7881,4.82985,4.87799,4.93091,4.98673,5.04342,5.09887,5.15113,5.19855,5.24004,5.27517,5.30435,5.32875,5.35019,5.37066,5.39155,5.41225,5.42872,5.43334,5.41778,5.37796,5.31684,5.24226,5.16263,5.08396,5.00942,4.94018,4.87631,4.8174,4.76294,4.7124,4.66532,4.62131,4.58006,4.54128,4.50474,4.47025,4.43763,4.40674,4.37743,4.3496,4.32313,4.29793,4.27391,4.251,4.22912,4.2082,4.18819,4.16903,4.15067,4.13306,4.11616,4.09992,4.08432,4.06931,4.05487,4.04096,4.02755,4.01462,4.00215,3.99011,3.97848,3.96724,3.95638,3.94587,3.9357,3.92585,3.91631,3.90706,3.89809,3.8894,3.88096,3.87277,3.86481,3.85709,3.84958,3.84227,3.83517,3.82827,3.82154,3.815,3.80863,3.80242,3.79637,3.79048,3.78473,3.77912,3.77366,3.76832,3.58929,3.74922,3.92643,4.12312,4.32774,4.52965,4.68043,4.67974,4.48019,4.1613,3.83507,3.55826,3.34006,3.17131,3.03973,2.93464,2.84768,2.77242,2.70389,2.63819,2.57224,2.50368,2.43078,2.35247,2.26837,2.17875,2.08449,1.98696,1.88778,1.78853,1.69037,1.5936,1.49719,1.39846,1.29327,1.1774,1.04962,0.91454,0.78203,0.66254,0.56219,0.48167,0.41819,0.36793,0.32744,0.29412,0.26613,0.24219,0.22144,0.20325,0.18718,0.1729,0.16013,0.14868,0.13837,0.12905,0.12061,0.11295,0.10597,0.0996,0.09377,0.08843,0.08353,0.07902,0.07485,0.07101,0.06744,0.06414,0.06107,0.05822,0.05555,0.05306,0.05074,0.04855,0.04651,0.04458,0.04277,0.04106,0.03945,0.03793,0.03648,0.03511,0.03381,0.03258,0.0314,0.03028,0.02921,0.02819,0.02721,0.02627,0.02537,0.02451,0.02368,0.02289,0.02212,0.02138,0.02066,0.01997,0.01931,0.01866,0.01804,0.01743,0.01685,0.01626,0.0156,0.01497,0.01436
5,3,500,690,125,216.78,210.47,32.014,36.01,3.50E+20,207.275,1.7453,1.77818,1.83885,1.92523,2.03782,2.19403,2.41021,2.70687,3.11943,3.62333,4.09246,4.41466,4.58623,4.66087,4.68756,4.69592,4.70125,4.71088,4.728,4.75366,4.78776,4.82952,4.87768,4.93061,4.98643,5.04308,5.09846,5.15061,5.1979,5.23924,5.27424,5.30331,5.32765,5.34911,5.36972,5.39087,5.41197,5.42902,5.43439,5.41966,5.38062,5.32003,5.24568,5.16599,5.08711,5.01231,4.94281,4.87871,4.81962,4.76499,4.71432,4.66714,4.62304,4.58171,4.54286,4.50627,4.47172,4.43906,4.40812,4.37878,4.35091,4.32442,4.29919,4.27515,4.25222,4.23032,4.20939,4.18936,4.17019,4.15181,4.13419,4.11728,4.10104,4.08543,4.07041,4.05596,4.04205,4.02863,4.0157,4.00323,3.99118,3.97955,3.96831,3.95744,3.94693,3.93676,3.9269,3.91736,3.90811,3.89915,3.89045,3.88201,3.87382,3.86586,3.85813,3.85062,3.84332,3.83622,3.82931,3.82258,3.81604,3.80966,3.80346,3.79741,3.79151,3.78576,3.78016,3.77469,3.76935,3.59024,3.75014,3.92718,4.12442,4.3295,4.53135,4.68209,4.68121,4.48079,4.16072,3.83364,3.55649,3.3383,3.16975,3.03846,2.93366,2.84698,2.77197,2.70364,2.6381,2.57228,2.50379,2.43094,2.35268,2.26862,2.17906,2.08491,1.98754,1.88858,1.78963,1.69183,1.59547,1.49951,1.40125,1.2965,1.181,1.05342,0.91825,0.78534,0.66519,0.5641,0.48292,0.41895,0.36836,0.32766,0.29422,0.26616,0.24218,0.2214,0.2032,0.18713,0.17284,0.16008,0.14863,0.13832,0.12901,0.12057,0.11292,0.10595,0.09958,0.09377,0.08844,0.08354,0.07903,0.07488,0.07104,0.06748,0.06419,0.06113,0.05827,0.05562,0.05313,0.05081,0.04863,0.04659,0.04467,0.04286,0.04116,0.03955,0.03802,0.03658,0.03522,0.03392,0.03268,0.03151,0.03039,0.02932,0.0283,0.02732,0.02638,0.02548,0.02462,0.02379,0.023,0.02223,0.02149,0.02078,0.02009,0.01942,0.01878,0.01815,0.01755,0.01696,0.01637,0.0157,0.01505,0.01443
13,3,500,690,125,215.266,210.7,32.294,36.15,3.32E+20,205.355,1.74474,1.77721,1.83961,1.9281,2.0405,2.19612,2.41368,2.71132,3.12364,3.62764,4.09735,4.41929,4.58958,4.66263,4.68792,4.69522,4.69984,4.70904,4.72592,4.75148,4.78555,4.82729,4.8754,4.9282,4.98378,5.04007,5.09497,5.14654,5.19319,5.23387,5.26826,5.29687,5.32098,5.34249,5.36351,5.38546,5.40783,5.42664,5.43431,5.42227,5.38584,5.32726,5.254,5.17456,5.09539,5.02006,4.94998,4.88534,4.82579,4.77078,4.71979,4.67232,4.62798,4.58643,4.54739,4.51062,4.47591,4.44309,4.41202,4.38255,4.35457,4.32796,4.30263,4.2785,4.25548,4.2335,4.2125,4.19241,4.17317,4.15474,4.13707,4.12011,4.10382,4.08816,4.07311,4.05862,4.04467,4.03122,4.01826,4.00575,3.99368,3.98202,3.97076,3.95986,3.94933,3.93913,3.92926,3.9197,3.91043,3.90144,3.89273,3.88427,3.87606,3.86809,3.86034,3.85282,3.8455,3.83838,3.83146,3.82472,3.81817,3.81178,3.80556,3.7995,3.79359,3.78783,3.78221,3.77673,3.77139,3.59165,3.75121,3.92703,4.12514,4.33081,4.53157,4.68144,4.68038,4.47906,4.15738,3.82907,3.5515,3.33355,3.16558,3.03498,2.93088,2.84481,2.7703,2.70236,2.63709,2.57142,2.50302,2.43023,2.35204,2.26813,2.17884,2.08514,1.98844,1.89039,1.79258,1.69614,1.60131,1.50698,1.41036,1.30717,1.19302,1.06635,0.9313,0.7975,0.67559,0.57238,0.4892,0.42363,0.37188,0.3304,0.29641,0.26797,0.24371,0.22272,0.20435,0.18813,0.17372,0.16086,0.14932,0.13894,0.12956,0.12108,0.11338,0.10637,0.09998,0.09414,0.08879,0.08388,0.07936,0.07519,0.07135,0.06779,0.06448,0.06142,0.05856,0.0559,0.05342,0.05109,0.04891,0.04687,0.04495,0.04314,0.04143,0.03982,0.0383,0.03685,0.03549,0.03419,0.03295,0.03178,0.03065,0.02958,0.02856,0.02758,0.02664,0.02574,0.02488,0.02405,0.02325,0.02248,0.02174,0.02103,0.02034,0.01967,0.01902,0.0184,0.01779,0.0172,0.01661,0.01592,0.01525,0.01461
1,4,425,820,125,263.928,256.1,35.444,38.65,2.29E+20,255.014,1.72683,1.74542,1.81485,1.92652,2.04386,2.17487,2.37618,2.68487,3.107,3.59276,4.03503,4.34822,4.52659,4.61155,4.64561,4.65722,4.66254,4.67003,4.6838,4.70552,4.73549,4.77318,4.81745,4.86675,4.91925,4.97291,5.02566,5.07554,5.12093,5.16073,5.19449,5.22255,5.24606,5.26683,5.28713,5.30909,5.33379,5.36009,5.38363,5.39716,5.39288,5.36596,5.31706,5.25193,5.17826,5.10261,5.02915,4.9599,4.8955,4.8359,4.78072,4.72952,4.68186,4.63736,4.59568,4.55654,4.5197,4.48494,4.45209,4.42099,4.3915,4.3635,4.33687,4.31153,4.28737,4.26433,4.24233,4.22129,4.20116,4.18189,4.16342,4.1457,4.12869,4.11235,4.09664,4.08152,4.06697,4.05296,4.03945,4.02642,4.01385,4.00171,3.98998,3.97864,3.96768,3.95707,3.9468,3.93685,3.92722,3.91788,3.90882,3.90003,3.8915,3.88321,3.87517,3.86735,3.85975,3.85237,3.84518,3.83819,3.83138,3.82475,3.8183,3.81201,3.80588,3.79991,3.79408,3.7884,3.78286,3.57352,3.73398,3.88493,4.0715,4.29462,4.50846,4.64434,4.62638,4.4346,4.13781,3.82787,3.55707,3.33851,3.16708,3.03279,2.92593,2.83841,2.76378,2.69691,2.63376,2.57109,2.50642,2.43797,2.36462,2.28595,2.20224,2.11434,2.02364,1.93179,1.84046,1.75102,1.66417,1.57951,1.49519,1.40776,1.31269,1.20589,1.08617,0.95711,0.82684,0.7051,0.59918,0.5118,0.44175,0.38598,0.3412,0.30464,0.27423,0.24847,0.22633,0.20707,0.19014,0.17516,0.16182,0.14987,0.13914,0.12945,0.12068,0.11271,0.10547,0.09885,0.0928,0.08725,0.08215,0.07745,0.07312,0.06911,0.0654,0.06196,0.05875,0.05577,0.05299,0.05039,0.04795,0.04567,0.04353,0.04151,0.03962,0.03783,0.03614,0.03454,0.03303,0.0316,0.03024,0.02894,0.02771,0.02654,0.02542,0.02435,0.02333,0.02236,0.02142,0.02052,0.01966,0.01883,0.01804,0.01727,0.01653,0.01582,0.01513,0.01447,0.01382,0.0132,0.01257,0.01179,0.01104,0.01032
5,4,425,820,125,265.126,258.07,35.504,38.9,2.24E+20,256.003,1.72769,1.74571,1.81459,1.92612,2.04373,2.17498,2.37627,2.68493,3.10754,3.59419,4.037,4.35003,4.52787,4.61226,4.64586,4.65714,4.66223,4.66957,4.68323,4.70488,4.73481,4.77246,4.81671,4.86601,4.9185,4.97217,5.02494,5.07487,5.12034,5.16025,5.19415,5.22237,5.24605,5.26699,5.28742,5.30947,5.33424,5.36066,5.38447,5.39846,5.39475,5.36832,5.31969,5.25459,5.1808,5.10495,5.03127,4.96182,4.89726,4.83752,4.78224,4.73096,4.68324,4.63869,4.59698,4.55781,4.52094,4.48616,4.45329,4.42218,4.39268,4.36466,4.33803,4.31268,4.28852,4.26547,4.24346,4.22241,4.20228,4.183,4.16452,4.14679,4.12978,4.11343,4.09771,4.0826,4.06804,4.05402,4.04051,4.02747,4.01489,4.00275,3.99101,3.97967,3.9687,3.95809,3.94781,3.93786,3.92822,3.91888,3.90981,3.90102,3.89249,3.8842,3.87615,3.86833,3.86073,3.85333,3.84614,3.83915,3.83234,3.82571,3.81925,3.81296,3.80682,3.80085,3.79502,3.78933,3.78379,3.5734,3.73439,3.88568,4.07224,4.29534,4.50949,4.6458,4.6277,4.43509,4.1374,3.82694,3.55598,3.33747,3.1662,3.03209,2.92542,2.83808,2.76361,2.69691,2.6339,2.57137,2.50685,2.43854,2.36534,2.28684,2.20329,2.11557,2.02503,1.93331,1.84209,1.75273,1.66592,1.58127,1.49698,1.40964,1.31474,1.20817,1.08859,0.95943,0.8288,0.70653,0.6001,0.51229,0.44194,0.38599,0.34111,0.3045,0.27407,0.24831,0.22618,0.20693,0.19001,0.17504,0.1617,0.14976,0.13903,0.12934,0.12057,0.1126,0.10535,0.09873,0.09267,0.08712,0.08201,0.07731,0.07297,0.06896,0.06524,0.06179,0.05858,0.05559,0.0528,0.05019,0.04775,0.04546,0.04331,0.04129,0.03939,0.0376,0.0359,0.0343,0.03278,0.03134,0.02998,0.02868,0.02744,0.02627,0.02514,0.02407,0.02305,0.02207,0.02113,0.02022,0.01936,0.01853,0.01773,0.01696,0.01622,0.0155,0.01481,0.01414,0.0135,0.01287,0.01223,0.01146,0.0107,0.00997
13,4,425,820,125,262.892,253.62,35.685,39.15,2.19E+20,253.459,1.73114,1.74712,1.81476,1.92668,2.04553,2.17726,2.37808,2.68638,3.10966,3.59766,4.04113,4.35356,4.5302,4.61347,4.64626,4.65704,4.66186,4.66905,4.68262,4.7042,4.73404,4.77156,4.81561,4.86465,4.91685,4.9702,5.02268,5.07238,5.11773,5.15765,5.19173,5.22027,5.24436,5.26572,5.28648,5.30869,5.33348,5.36,5.38434,5.39957,5.39761,5.37286,5.32534,5.26064,5.18668,5.11039,5.03617,4.96621,4.90121,4.84112,4.78556,4.73407,4.6862,4.64153,4.59972,4.56048,4.52356,4.48874,4.45584,4.42469,4.39516,4.36712,4.34046,4.31508,4.2909,4.26782,4.24578,4.22472,4.20456,4.18525,4.16674,4.14899,4.13195,4.11557,4.09983,4.08468,4.0701,4.05605,4.0425,4.02944,4.01683,4.00466,3.9929,3.98153,3.97053,3.95989,3.94959,3.93961,3.92995,3.92058,3.91149,3.90267,3.89411,3.8858,3.87772,3.86988,3.86225,3.85484,3.84763,3.84061,3.83378,3.82712,3.82064,3.81433,3.80818,3.80218,3.79633,3.79063,3.78506,3.57272,3.7354,3.88704,4.0729,4.29563,4.51032,4.64736,4.62894,4.43483,4.13564,3.82446,3.55347,3.3353,3.16446,3.03076,2.92442,2.83732,2.76301,2.69641,2.63348,2.57102,2.50661,2.43848,2.36555,2.28742,2.20436,2.11721,2.02729,1.93618,1.84549,1.75653,1.66997,1.58545,1.50128,1.41425,1.32002,1.21441,1.09566,0.96666,0.8353,0.71169,0.60378,0.51471,0.44344,0.3869,0.34167,0.30488,0.27436,0.24857,0.22644,0.20719,0.19029,0.17532,0.16199,0.15004,0.1393,0.12959,0.1208,0.11281,0.10553,0.09888,0.09279,0.08721,0.08207,0.07733,0.07296,0.06891,0.06516,0.06168,0.05844,0.05542,0.0526,0.04996,0.0475,0.04518,0.04301,0.04097,0.03904,0.03723,0.03551,0.03389,0.03235,0.0309,0.02951,0.0282,0.02695,0.02576,0.02462,0.02354,0.0225,0.02151,0.02056,0.01965,0.01877,0.01793,0.01712,0.01634,0.01559,0.01487,0.01417,0.0135,0.01285,0.01222,0.01157,0.01079,0.01003,0.0093
1,5,350,560,150,119.846,113,25.533,31,1.11E+21,108.862,1.83893,1.84457,1.88126,1.96719,2.11256,2.28223,2.46457,2.7239,3.10574,3.57046,4.00658,4.32389,4.51506,4.62014,4.67886,4.71642,4.74635,4.77529,4.80624,4.84029,4.87757,4.91769,4.96001,5.00377,5.04818,5.09252,5.1361,5.17834,5.21874,5.25686,5.29224,5.32436,5.35251,5.37561,5.39203,5.39938,5.39459,5.37452,5.33724,5.28364,5.21773,5.14525,5.07128,4.99906,4.93012,4.86508,4.80416,4.74736,4.69453,4.64543,4.59977,4.5572,4.51741,4.48009,4.44499,4.41186,4.38051,4.35076,4.32246,4.29548,4.26973,4.2451,4.22151,4.19889,4.17718,4.15633,4.13627,4.11698,4.09839,4.08049,4.06322,4.04657,4.03049,4.01497,3.99997,3.98547,3.97145,3.95788,3.94476,3.93204,3.91973,3.9078,3.89624,3.88502,3.87414,3.86358,3.85334,3.84338,3.83372,3.82432,3.81519,3.80631,3.79768,3.78928,3.7811,3.77314,3.76539,3.75784,3.75048,3.74331,3.73633,3.72951,3.72286,3.71638,3.71005,3.70387,3.69784,3.69195,3.6862,3.55198,3.73791,3.91739,4.06976,4.23928,4.43661,4.58871,4.59918,4.43657,4.16662,3.8799,3.62629,3.41691,3.24627,3.10522,2.98548,2.88054,2.78549,2.69671,2.6115,2.52788,2.44442,2.36012,2.27426,2.18636,2.09609,2.00318,1.90736,1.80831,1.70561,1.59872,1.48705,1.37008,1.24773,1.12103,0.99279,0.86788,0.75226,0.65084,0.56556,0.49545,0.438,0.39068,0.35143,0.31867,0.29109,0.26763,0.24743,0.22979,0.21419,0.20023,0.18759,0.17607,0.16548,0.15571,0.14666,0.13825,0.13043,0.12313,0.11632,0.10996,0.10402,0.09847,0.09328,0.08842,0.08387,0.07962,0.07564,0.0719,0.06841,0.06514,0.06206,0.05919,0.05648,0.05395,0.05157,0.04933,0.04723,0.04525,0.04339,0.04165,0.04,0.03845,0.03699,0.03561,0.03431,0.03308,0.03192,0.03083,0.0298,0.02882,0.02789,0.02702,0.02619,0.02541,0.02466,0.02396,0.02329,0.02265,0.02205,0.02148,0.02093,0.02042,0.01997,0.01979,0.01962,0.01945
5,5,350,560,150,119.266,113.84,25.81,31.24,1.07E+21,108.565,1.83664,1.84231,1.87736,1.96164,2.10662,2.27581,2.45714,2.71713,3.10141,3.56793,4.00423,4.32139,4.5128,4.61823,4.67704,4.71441,4.74392,4.77232,4.80271,4.83629,4.87325,4.91324,4.95565,4.99974,5.04472,5.08983,5.13435,5.17764,5.21911,5.25823,5.29447,5.32723,5.35575,5.37896,5.39526,5.40236,5.39734,5.37718,5.34002,5.28666,5.22105,5.14883,5.07506,5.00293,4.934,4.86889,4.80784,4.75088,4.69789,4.64864,4.60282,4.56012,4.52021,4.4828,4.44761,4.41441,4.383,4.35319,4.32485,4.29784,4.27206,4.2474,4.22379,4.20116,4.17944,4.15858,4.13852,4.11922,4.10063,4.08273,4.06546,4.04881,4.03274,4.01722,4.00223,3.98774,3.97373,3.96017,3.94706,3.93436,3.92206,3.91014,3.89859,3.88738,3.87652,3.86597,3.85574,3.8458,3.83615,3.82677,3.81765,3.80879,3.80017,3.79178,3.78362,3.77568,3.76794,3.76041,3.75307,3.74591,3.73894,3.73214,3.72551,3.71904,3.71272,3.70656,3.70054,3.69467,3.68893,3.55071,3.73688,3.91712,4.06965,4.24045,4.44014,4.59318,4.60255,4.43877,4.16855,3.88177,3.62782,3.41792,3.2468,3.10545,2.98566,2.88092,2.78632,2.69817,2.61373,2.53096,2.44836,2.36484,2.27963,2.19219,2.10214,2.00919,1.91306,1.81347,1.71006,1.60239,1.48997,1.37239,1.24967,1.12284,0.99464,0.8698,0.75416,0.65259,0.56705,0.49658,0.43875,0.39106,0.35147,0.31842,0.29062,0.26698,0.24665,0.22893,0.21327,0.19926,0.1866,0.17506,0.16446,0.15469,0.14564,0.13723,0.1294,0.12211,0.1153,0.10895,0.10301,0.09746,0.09227,0.08742,0.08287,0.07862,0.07464,0.07091,0.06742,0.06414,0.06107,0.05819,0.05549,0.05295,0.05057,0.04833,0.04623,0.04425,0.04239,0.04064,0.03899,0.03744,0.03597,0.03459,0.03328,0.03205,0.03089,0.02979,0.02875,0.02777,0.02684,0.02596,0.02513,0.02434,0.02359,0.02287,0.0222,0.02156,0.02095,0.02037,0.01982,0.01929,0.01884,0.01866,0.01849,0.01832
13,5,350,560,150,118.24,112.99,26.411,31.66,1.02E+21,107.981,1.83259,1.83848,1.87087,1.95246,2.09665,2.26512,2.44495,2.7056,3.09301,3.56171,3.99792,4.31479,4.50668,4.61269,4.67166,4.70863,4.73735,4.76478,4.79421,4.82696,4.86335,4.90311,4.94568,4.99033,5.03627,5.08269,5.12877,5.17378,5.21699,5.25774,5.29536,5.32917,5.35833,5.38179,5.39805,5.40503,5.40005,5.38031,5.34399,5.29174,5.22724,5.15594,5.08279,5.01098,4.94212,4.8769,4.81565,4.75843,4.70516,4.65562,4.60954,4.56659,4.52646,4.48884,4.45347,4.42011,4.38855,4.35862,4.33016,4.30305,4.27718,4.25244,4.22876,4.20607,4.1843,4.16339,4.14329,4.12395,4.10534,4.08741,4.07013,4.05346,4.03738,4.02186,4.00686,3.99237,3.97836,3.96481,3.95169,3.939,3.92671,3.9148,3.90326,3.89207,3.88122,3.87069,3.86048,3.85056,3.84092,3.83156,3.82247,3.81362,3.80502,3.79666,3.78852,3.78059,3.77288,3.76537,3.75805,3.75092,3.74397,3.73719,3.73058,3.72413,3.71784,3.7117,3.70571,3.69986,3.69414,3.54764,3.73389,3.91518,4.06791,4.2403,4.44314,4.59748,4.60537,4.44022,4.17003,3.8834,3.62905,3.41839,3.24657,3.10485,2.98512,2.8809,2.7872,2.70028,2.6173,2.5361,2.45507,2.373,2.28901,2.20246,2.11291,2.02004,1.92359,1.82333,1.71903,1.61039,1.49712,1.37896,1.25605,1.12941,1.00158,0.87701,0.7613,0.65923,0.57286,0.50138,0.4425,0.39383,0.3534,0.31964,0.29125,0.26715,0.24645,0.22843,0.21253,0.19833,0.18551,0.17384,0.16314,0.15328,0.14415,0.13568,0.12781,0.12047,0.11363,0.10724,0.10127,0.0957,0.09049,0.08561,0.08105,0.07679,0.07279,0.06905,0.06554,0.06226,0.05918,0.05629,0.05358,0.05103,0.04864,0.04639,0.04428,0.04229,0.04042,0.03866,0.037,0.03543,0.03396,0.03256,0.03125,0.03001,0.02883,0.02772,0.02667,0.02567,0.02473,0.02384,0.02299,0.02219,0.02142,0.0207,0.02001,0.01935,0.01873,0.01813,0.01757,0.01703,0.01657,0.0164,0.01625,0.0161
1,6,350,820,150,232.502,224.21,34.511,38.14,3.03E+20,223.823,1.7408,1.75897,1.82834,1.93934,2.05888,2.19593,2.40022,2.70425,3.11983,3.60522,4.05128,4.36564,4.54199,4.6246,4.65763,4.66969,4.6765,4.686,4.70185,4.72543,4.75681,4.7953,4.83969,4.88843,4.93973,4.99166,5.04232,5.08998,5.13324,5.17121,5.20364,5.23098,5.25434,5.27541,5.29608,5.31793,5.34143,5.36489,5.38379,5.39136,5.38075,5.34825,5.29534,5.22798,5.15357,5.07815,5.00546,4.93722,4.87391,4.81539,4.76123,4.71098,4.6642,4.62051,4.57956,4.54108,4.50484,4.47063,4.43828,4.40763,4.37854,4.35091,4.32461,4.29957,4.27569,4.25289,4.2311,4.21026,4.19031,4.17119,4.15286,4.13527,4.11837,4.10213,4.08651,4.07147,4.05699,4.04304,4.02958,4.0166,4.00406,3.99196,3.98025,3.96894,3.95799,3.9474,3.93714,3.9272,3.91756,3.90822,3.89916,3.89037,3.88183,3.87354,3.86548,3.85765,3.85004,3.84263,3.83543,3.82842,3.82159,3.81495,3.80847,3.80216,3.79601,3.79001,3.78416,3.77846,3.77289,3.57758,3.73992,3.89424,4.08026,4.29653,4.50424,4.64148,4.62854,4.43738,4.13741,3.82534,3.55484,3.33792,3.16819,3.03495,2.92824,2.83995,2.76375,2.69468,2.62889,2.56337,2.49585,2.42476,2.34915,2.26876,2.18392,2.09549,2.00475,1.91315,1.82211,1.73269,1.64522,1.55902,1.47213,1.3813,1.28261,1.17289,1.05189,0.92375,0.79648,0.67912,0.578,0.49508,0.42883,0.37612,0.33376,0.29911,0.2702,0.24564,0.22446,0.20597,0.18968,0.17521,0.16228,0.15068,0.14023,0.13077,0.12219,0.11438,0.10726,0.10075,0.09479,0.08931,0.08426,0.07961,0.07532,0.07134,0.06765,0.06423,0.06104,0.05807,0.0553,0.05271,0.05029,0.04801,0.04588,0.04387,0.04198,0.0402,0.03852,0.03693,0.03542,0.034,0.03265,0.03136,0.03014,0.02898,0.02788,0.02682,0.02581,0.02485,0.02393,0.02305,0.0222,0.02139,0.02061,0.01986,0.01914,0.01844,0.01777,0.01713,0.01651,0.0159,0.01529,0.01453,0.0138,0.0131
5,6,350,820,150,234.502,224.85,34.642,38.56,2.98E+20,225.309,1.74155,1.75886,1.8277,1.93891,2.05887,2.1958,2.39974,2.70385,3.12006,3.60604,4.05218,4.36621,4.54216,4.62442,4.65716,4.66899,4.6756,4.68493,4.70064,4.72409,4.75536,4.79374,4.83805,4.88671,4.93794,4.98983,5.04047,5.08814,5.13146,5.16954,5.20211,5.22962,5.25317,5.2744,5.29519,5.31712,5.34069,5.36434,5.38372,5.39213,5.3826,5.35111,5.29889,5.23182,5.15738,5.08176,5.00879,4.94028,4.87674,4.818,4.76367,4.71329,4.66639,4.6226,4.58158,4.54304,4.50674,4.47249,4.44009,4.4094,4.38028,4.35261,4.32629,4.30122,4.27731,4.25449,4.23268,4.21182,4.19185,4.17272,4.15436,4.13675,4.11984,4.10358,4.08794,4.07289,4.05839,4.04442,4.03095,4.01795,4.0054,3.99328,3.98157,3.97024,3.95928,3.94867,3.9384,3.92845,3.9188,3.90945,3.90038,3.89157,3.88302,3.87472,3.86666,3.85882,3.8512,3.84378,3.83657,3.82955,3.82272,3.81606,3.80958,3.80326,3.7971,3.7911,3.78524,3.77953,3.77395,3.57707,3.74004,3.89432,4.08006,4.29654,4.5048,4.64228,4.62893,4.43711,4.13667,3.82441,3.55389,3.33703,3.16739,3.03427,2.92769,2.83955,2.76349,2.69459,2.62896,2.56362,2.4963,2.42542,2.35005,2.26991,2.18534,2.09718,2.0067,1.91535,1.82453,1.73528,1.64795,1.56189,1.47519,1.38467,1.28645,1.1773,1.05673,0.9286,0.80087,0.6827,0.58069,0.497,0.43016,0.37704,0.3344,0.29957,0.27054,0.24591,0.22468,0.20615,0.18983,0.17533,0.16239,0.15076,0.14029,0.13081,0.12221,0.11439,0.10725,0.10072,0.09474,0.08924,0.08418,0.07951,0.0752,0.07121,0.0675,0.06406,0.06086,0.05788,0.0551,0.05249,0.05006,0.04777,0.04563,0.04361,0.04171,0.03992,0.03823,0.03663,0.03512,0.03368,0.03233,0.03103,0.02981,0.02864,0.02753,0.02647,0.02545,0.02448,0.02356,0.02267,0.02182,0.021,0.02022,0.01946,0.01874,0.01804,0.01737,0.01672,0.01609,0.01548,0.01486,0.01411,0.01337,0.01267
13,6,350,820,150,232.454,222.31,34.996,38.74,2.84E+20,223.279,1.74503,1.75941,1.82693,1.9394,2.06104,2.19762,2.40029,2.7043,3.12163,3.60843,4.0542,4.3672,4.54213,4.62365,4.65589,4.66738,4.67375,4.68288,4.69839,4.72163,4.75263,4.7907,4.83462,4.88285,4.93361,4.98503,5.03526,5.08262,5.12578,5.16387,5.19666,5.22455,5.24858,5.27028,5.29141,5.31349,5.33709,5.36102,5.38149,5.39218,5.38581,5.35741,5.30739,5.24134,5.16696,5.09084,5.01715,4.9479,4.88368,4.82438,4.76959,4.71883,4.67164,4.62761,4.58639,4.54769,4.51126,4.47688,4.44438,4.4136,4.3844,4.35665,4.33026,4.30511,4.28114,4.25825,4.23637,4.21545,4.19542,4.17622,4.15781,4.14014,4.12316,4.10685,4.09115,4.07604,4.06149,4.04747,4.03394,4.02089,4.00829,3.99612,3.98435,3.97298,3.96197,3.95131,3.94099,3.931,3.92131,3.91191,3.9028,3.89395,3.88536,3.87702,3.86891,3.86103,3.85337,3.84592,3.83867,3.83162,3.82475,3.81806,3.81154,3.80519,3.799,3.79296,3.78707,3.78133,3.77573,3.57543,3.74045,3.89423,4.07862,4.29526,4.50468,4.64252,4.62817,4.43505,4.13396,3.82168,3.55145,3.33495,3.16567,3.03284,2.92649,2.83853,2.76262,2.69385,2.62836,2.5632,2.49614,2.42562,2.35075,2.27126,2.18746,2.10019,2.01064,1.9202,1.83019,1.74161,1.6548,1.56916,1.48298,1.39334,1.29656,1.18927,1.07028,0.9426,0.81382,0.69349,0.58898,0.50305,0.43448,0.38015,0.33672,0.30137,0.27202,0.24718,0.22581,0.20718,0.19077,0.17621,0.1632,0.15151,0.14097,0.13143,0.12277,0.11488,0.10767,0.10108,0.09503,0.08947,0.08434,0.07962,0.07524,0.07119,0.06744,0.06395,0.06069,0.05766,0.05483,0.05219,0.04971,0.04738,0.0452,0.04314,0.04121,0.03939,0.03766,0.03604,0.0345,0.03304,0.03165,0.03034,0.02909,0.0279,0.02677,0.02569,0.02466,0.02367,0.02273,0.02183,0.02096,0.02013,0.01933,0.01857,0.01783,0.01712,0.01644,0.01578,0.01515,0.01453,0.01391,0.01314,0.0124,0.01169
1,7,425,690,150,204.194,198.73,30.648,35,5.21E+20,196.498,1.76004,1.78981,1.84454,1.92799,2.04561,2.20496,2.41429,2.70201,3.10658,3.60068,4.06193,4.38361,4.56072,4.64303,4.6771,4.69164,4.7018,4.71497,4.73447,4.76149,4.79607,4.83757,4.88489,4.93658,4.99095,5.04616,5.10032,5.15166,5.19866,5.24027,5.27602,5.30611,5.3314,5.35325,5.37311,5.39178,5.40828,5.41863,5.41595,5.3933,5.34815,5.28432,5.20951,5.13129,5.05477,4.98249,4.9153,4.8532,4.79579,4.74261,4.69317,4.64707,4.60393,4.56345,4.52536,4.48944,4.4555,4.42338,4.39292,4.364,4.3365,4.31032,4.28538,4.26158,4.23885,4.21712,4.19633,4.17642,4.15734,4.13904,4.12148,4.10461,4.08839,4.0728,4.05779,4.04333,4.0294,4.01596,4.003,3.99049,3.97841,3.96674,3.95545,3.94453,3.93397,3.92374,3.91383,3.90423,3.89492,3.88589,3.87713,3.86863,3.86038,3.85236,3.84457,3.837,3.82963,3.82247,3.8155,3.80872,3.80211,3.79568,3.78941,3.7833,3.77735,3.77154,3.76588,3.76035,3.75496,3.57858,3.74194,3.9202,4.10867,4.30531,4.50531,4.65633,4.6587,4.46814,4.1607,3.84319,3.57101,3.35421,3.18476,3.0512,2.94341,2.85337,2.77492,2.7033,2.63475,2.56634,2.4958,2.42148,2.3423,2.25783,2.1682,2.07408,1.97659,1.87704,1.77673,1.67662,1.5769,1.47667,1.37365,1.26447,1.14601,1.01809,0.8858,0.75852,0.64537,0.55102,0.4753,0.41521,0.36718,0.32811,0.2957,0.2683,0.24475,0.22427,0.20625,0.19028,0.17603,0.16326,0.15175,0.14134,0.13191,0.12333,0.11551,0.10836,0.10182,0.09581,0.09029,0.08521,0.08052,0.07619,0.07217,0.06845,0.06499,0.06178,0.05878,0.05599,0.05338,0.05093,0.04864,0.0465,0.04448,0.04258,0.04079,0.0391,0.03751,0.036,0.03457,0.03322,0.03193,0.03071,0.02955,0.02844,0.02739,0.02638,0.02541,0.02449,0.02361,0.02277,0.02195,0.02117,0.02042,0.0197,0.01901,0.01834,0.01769,0.01707,0.01646,0.01588,0.01532,0.01482,0.01433,0.01386
5,7,425,690,150,204.81,200.06,30.905,35.2,5.00E+20,196.809,1.75869,1.78902,1.84436,1.92787,2.0448,2.2043,2.41488,2.70318,3.10793,3.60307,4.06555,4.38736,4.56358,4.64465,4.67757,4.69118,4.70065,4.71336,4.73257,4.75946,4.79404,4.83563,4.8831,4.93498,4.98956,5.04495,5.09925,5.15066,5.19767,5.23921,5.27484,5.30481,5.33003,5.35192,5.37203,5.39122,5.40855,5.42,5.41855,5.39705,5.3527,5.28921,5.21436,5.13586,5.05899,4.98638,4.91892,4.85659,4.79902,4.74569,4.69614,4.64993,4.6067,4.56612,4.52795,4.49196,4.45795,4.42575,4.39523,4.36625,4.33871,4.31248,4.28749,4.26366,4.2409,4.21914,4.19833,4.1784,4.1593,4.14099,4.12342,4.10654,4.09031,4.07471,4.0597,4.04524,4.03131,4.01787,4.00492,3.99241,3.98033,3.96866,3.95738,3.94646,3.9359,3.92568,3.91578,3.90618,3.89688,3.88786,3.87911,3.87062,3.86237,3.85436,3.84658,3.83901,3.83166,3.8245,3.81754,3.81076,3.80417,3.79774,3.79148,3.78538,3.77943,3.77364,3.76798,3.76246,3.75708,3.57965,3.74249,3.92088,4.11054,4.3075,4.50696,4.65803,4.66051,4.46887,4.15964,3.84075,3.56794,3.35109,3.18193,3.04884,2.9416,2.85214,2.77425,2.70313,2.63503,2.56699,2.49674,2.42262,2.34357,2.25918,2.16959,2.07553,1.97814,1.87878,1.7788,1.67914,1.58001,1.48046,1.37816,1.26958,1.15144,1.02343,0.89057,0.76236,0.64815,0.55286,0.47644,0.41589,0.36757,0.32834,0.29581,0.26832,0.24472,0.22417,0.2061,0.19009,0.1758,0.16299,0.15146,0.14103,0.13159,0.123,0.11518,0.10803,0.10149,0.0955,0.08999,0.08492,0.08024,0.07591,0.07191,0.0682,0.06476,0.06156,0.05857,0.05579,0.05319,0.05076,0.04848,0.04634,0.04433,0.04244,0.04066,0.03897,0.03739,0.03588,0.03446,0.03311,0.03183,0.03061,0.02945,0.02835,0.02729,0.02629,0.02533,0.02441,0.02352,0.02268,0.02187,0.02109,0.02033,0.01961,0.01892,0.01824,0.01759,0.01697,0.01636,0.01578,0.01521,0.0147,0.0142,0.01373
13,7,425,690,150,203.978,198.62,31.304,35.53,4.76E+20,195.347,1.75689,1.78761,1.84569,1.93169,2.04783,2.20674,2.41963,2.70879,3.11202,3.60624,4.06917,4.3909,4.56582,4.64509,4.67632,4.68862,4.6972,4.70936,4.72829,4.75509,4.78968,4.83133,4.87883,4.93066,4.98504,5.04008,5.09383,5.14452,5.19065,5.23126,5.26599,5.29521,5.31998,5.34188,5.36256,5.38301,5.40233,5.41647,5.41827,5.40021,5.35895,5.29765,5.22389,5.14561,5.06841,4.99528,4.92727,4.86446,4.80647,4.7528,4.70294,4.65645,4.61295,4.57214,4.53373,4.49752,4.46329,4.4309,4.40019,4.37104,4.34332,4.31694,4.29181,4.26785,4.24496,4.22309,4.20218,4.18216,4.16298,4.14458,4.12694,4.10999,4.0937,4.07804,4.06298,4.04847,4.03449,4.02102,4.00802,3.99548,3.98337,3.97167,3.96036,3.94942,3.93884,3.92859,3.91867,3.90905,3.89973,3.89069,3.88193,3.87342,3.86516,3.85713,3.84934,3.84176,3.83439,3.82722,3.82025,3.81346,3.80686,3.80042,3.79415,3.78804,3.78209,3.77628,3.77062,3.76509,3.7597,3.58108,3.74267,3.91936,4.11043,4.30759,4.50455,4.65413,4.65697,4.46512,4.15446,3.83426,3.56099,3.34445,3.17604,3.04389,2.93761,2.84902,2.77187,2.70133,2.63365,2.56588,2.49577,2.42171,2.34272,2.25843,2.16911,2.07553,1.97893,1.88073,1.78227,1.68452,1.58759,1.49043,1.3905,1.28408,1.16759,1.0404,0.90724,0.77758,0.66107,0.56326,0.48457,0.42225,0.37266,0.33252,0.29933,0.27134,0.24732,0.22642,0.20805,0.19177,0.17724,0.16423,0.15252,0.14195,0.13237,0.12368,0.11577,0.10855,0.10195,0.09591,0.09036,0.08526,0.08056,0.07622,0.0722,0.06848,0.06503,0.06182,0.05884,0.05605,0.05345,0.05102,0.04874,0.0466,0.0446,0.04271,0.04093,0.03925,0.03766,0.03616,0.03474,0.03339,0.03211,0.03089,0.02973,0.02863,0.02758,0.02657,0.02561,0.02469,0.0238,0.02296,0.02214,0.02136,0.02061,0.01989,0.01919,0.01851,0.01786,0.01724,0.01663,0.01604,0.01547,0.01495,0.01444,0.01395
1,8,425,690,150,205.494,201.89,30.697,34.82,5.06E+20,197.851,1.75956,1.78947,1.84436,1.92774,2.0451,2.20452,2.41436,2.70272,3.10818,3.60361,4.06591,4.38769,4.5642,4.64575,4.67916,4.69321,4.70303,4.71597,4.73534,4.76231,4.79691,4.83846,4.88586,4.93765,4.99214,5.04746,5.10173,5.15315,5.20021,5.24185,5.2776,5.30768,5.33295,5.35479,5.37467,5.39342,5.41006,5.42058,5.41808,5.39554,5.35037,5.28637,5.2113,5.1328,5.05602,4.98352,4.91617,4.85393,4.79643,4.74317,4.69368,4.64753,4.60436,4.56385,4.52575,4.48982,4.45588,4.42375,4.39329,4.36437,4.33687,4.3107,4.28576,4.26197,4.23925,4.21753,4.19675,4.17685,4.15778,4.1395,4.12194,4.10508,4.08888,4.07329,4.05829,4.04385,4.02993,4.0165,4.00355,3.99106,3.97898,3.96732,3.95604,3.94513,3.93458,3.92436,3.91446,3.90486,3.89556,3.88655,3.87779,3.8693,3.86105,3.85304,3.84526,3.83769,3.83034,3.82318,3.81622,3.80944,3.80284,3.79641,3.79015,3.78405,3.7781,3.7723,3.76664,3.76112,3.75573,3.57986,3.74323,3.92181,4.11097,4.3082,4.50855,4.65989,4.66205,4.47035,4.16145,3.84291,3.57025,3.35334,3.18398,3.0506,2.94302,2.85319,2.77494,2.70349,2.63508,2.56678,2.49632,2.42202,2.34284,2.25833,2.16864,2.07445,1.97687,1.87724,1.77689,1.67675,1.57703,1.47682,1.37384,1.26466,1.14613,1.01802,0.88544,0.75783,0.64437,0.54981,0.47399,0.4139,0.36592,0.32693,0.29461,0.2673,0.24384,0.22344,0.2055,0.18961,0.17542,0.16271,0.15126,0.14091,0.13152,0.12299,0.11521,0.1081,0.10159,0.09562,0.09013,0.08508,0.08041,0.0761,0.07211,0.06841,0.06497,0.06178,0.0588,0.05602,0.05342,0.05099,0.04871,0.04657,0.04456,0.04267,0.04089,0.03921,0.03762,0.03612,0.0347,0.03335,0.03207,0.03086,0.0297,0.0286,0.02754,0.02654,0.02558,0.02466,0.02378,0.02294,0.02213,0.02135,0.0206,0.01988,0.01919,0.01852,0.01788,0.01725,0.01665,0.01606,0.0155,0.01498,0.01448,0.014
5,8,425,690,150,206.338,201.51,30.914,35.13,4.94E+20,198.072,1.75788,1.78849,1.84424,1.9279,2.04453,2.20387,2.41483,2.70362,3.10877,3.60437,4.06726,4.38917,4.56519,4.64594,4.67856,4.69192,4.70122,4.7138,4.73294,4.7598,4.79438,4.836,4.88353,4.93548,4.99012,5.04558,5.09993,5.15137,5.19836,5.23986,5.27542,5.30529,5.33042,5.35225,5.37234,5.3916,5.40908,5.42074,5.4195,5.39813,5.35379,5.29021,5.21521,5.13657,5.05958,4.98688,4.91936,4.85699,4.79938,4.74602,4.69645,4.65021,4.60696,4.56637,4.52818,4.49217,4.45814,4.42594,4.39541,4.36642,4.33887,4.31264,4.28765,4.26381,4.24105,4.2193,4.19848,4.17856,4.15947,4.14116,4.12359,4.10671,4.09049,4.0749,4.05989,4.04543,4.03151,4.01808,4.00513,3.99262,3.98055,3.96889,3.95761,3.9467,3.93615,3.92593,3.91604,3.90645,3.89715,3.88814,3.87939,3.8709,3.86266,3.85466,3.84688,3.83932,3.83197,3.82482,3.81786,3.81109,3.8045,3.79807,3.79182,3.78572,3.77978,3.77399,3.76833,3.76282,3.75744,3.58049,3.74309,3.92143,4.11157,4.30899,4.50853,4.65956,4.66191,4.46984,4.16002,3.84067,3.5676,3.35066,3.18151,3.0485,2.94136,2.852,2.77421,2.70319,2.63517,2.56719,2.49696,2.42284,2.34377,2.25932,2.16966,2.07553,1.97807,1.87867,1.77868,1.67906,1.58002,1.48062,1.37845,1.26998,1.15186,1.02374,0.89067,0.76223,0.64782,0.55243,0.47596,0.41542,0.36713,0.32792,0.29542,0.26797,0.24438,0.22386,0.20581,0.18982,0.17555,0.16276,0.15125,0.14084,0.13142,0.12285,0.11505,0.10792,0.10141,0.09543,0.08993,0.08488,0.08022,0.07591,0.07192,0.06823,0.0648,0.06161,0.05864,0.05586,0.05327,0.05085,0.04858,0.04645,0.04445,0.04256,0.04079,0.03911,0.03753,0.03603,0.03462,0.03327,0.032,0.03078,0.02963,0.02853,0.02748,0.02647,0.02552,0.0246,0.02372,0.02287,0.02207,0.02129,0.02054,0.01982,0.01912,0.01845,0.01781,0.01718,0.01658,0.01599,0.01543,0.0149,0.0144,0.01391
13,8,425,690,150,205.254,198.89,31.258,35.53,4.68E+20,196.508,1.75692,1.78733,1.84521,1.93118,2.04739,2.2062,2.41905,2.70879,3.11323,3.60873,4.07236,4.39403,4.56854,4.64735,4.67821,4.69024,4.69862,4.71063,4.72947,4.7562,4.79076,4.83239,4.87989,4.93175,4.98618,5.04128,5.09512,5.1459,5.19214,5.23286,5.2677,5.29701,5.32184,5.34376,5.3644,5.38476,5.40394,5.41794,5.41966,5.4016,5.36039,5.29913,5.22534,5.14694,5.06959,4.99627,4.92809,4.86513,4.80701,4.75324,4.7033,4.65675,4.61321,4.57236,4.53394,4.49771,4.46349,4.4311,4.40039,4.37124,4.34354,4.31717,4.29206,4.2681,4.24523,4.22337,4.20247,4.18246,4.16329,4.1449,4.12727,4.11033,4.09405,4.0784,4.06334,4.04884,4.03487,4.02141,4.00842,3.99588,3.98377,3.97208,3.96077,3.94984,3.93926,3.92902,3.9191,3.90949,3.90017,3.89114,3.88237,3.87387,3.86561,3.85758,3.84979,3.84222,3.83485,3.82768,3.82071,3.81393,3.80732,3.80089,3.79462,3.78851,3.78256,3.77675,3.77109,3.76557,3.76018,3.58193,3.74388,3.92083,4.11216,4.31,4.50782,4.65779,4.66017,4.46723,4.15552,3.83466,3.56109,3.34443,3.17602,3.04391,2.93768,2.84916,2.77208,2.70161,2.634,2.56629,2.49624,2.42223,2.34328,2.25902,2.16969,2.0761,1.97944,1.88114,1.78257,1.68466,1.58755,1.49021,1.39013,1.2836,1.16709,1.03992,0.9068,0.7771,0.66048,0.5625,0.48366,0.42125,0.37161,0.33147,0.29832,0.27039,0.24645,0.22563,0.20734,0.19114,0.17669,0.16375,0.1521,0.14158,0.13206,0.12342,0.11555,0.10837,0.1018,0.09578,0.09026,0.08518,0.0805,0.07617,0.07217,0.06847,0.06503,0.06183,0.05886,0.05608,0.05349,0.05106,0.04879,0.04666,0.04465,0.04277,0.04099,0.03931,0.03773,0.03623,0.03481,0.03347,0.03219,0.03097,0.02982,0.02872,0.02766,0.02666,0.0257,0.02478,0.0239,0.02305,0.02224,0.02146,0.02071,0.01998,0.01929,0.01861,0.01796,0.01734,0.01673,0.01614,0.01557,0.01503,0.01451,0.014
1,9,500,560,150,171.94,165.96,25.566,30.9,1.08E+21,169.056,1.80614,1.8144,1.8381,1.90863,2.04796,2.20836,2.38,2.65512,3.07434,3.56633,4.00823,4.32523,4.51921,4.62788,4.68776,4.72338,4.74902,4.77245,4.79777,4.827,4.86099,4.89989,4.94343,4.99101,5.0418,5.09477,5.14872,5.20232,5.25416,5.30278,5.34676,5.38473,5.41544,5.43775,5.45051,5.45248,5.442,5.41698,5.37561,5.31822,5.24872,5.17332,5.09746,5.02413,4.95438,4.88841,4.82629,4.76805,4.71368,4.66306,4.61598,4.57218,4.53136,4.49322,4.45747,4.42386,4.39217,4.36219,4.33377,4.30676,4.28103,4.25648,4.23301,4.21055,4.18903,4.16838,4.14855,4.12949,4.11116,4.09351,4.07651,4.06012,4.04431,4.02906,4.01434,4.00012,3.98638,3.97309,3.96024,3.9478,3.93576,3.9241,3.91281,3.90186,3.89125,3.88095,3.87097,3.86127,3.85186,3.84272,3.83384,3.82521,3.81682,3.80866,3.80072,3.793,3.78548,3.77817,3.77104,3.76409,3.75733,3.75073,3.7443,3.73803,3.73191,3.72594,3.72012,3.71443,3.70888,3.55403,3.74157,3.92874,4.08665,4.27977,4.51038,4.67306,4.66708,4.48613,4.2084,3.91745,3.65775,3.44086,3.26332,3.11743,2.99556,2.89127,2.79943,2.71594,2.6375,2.56144,2.48555,2.40801,2.32732,2.24232,2.15214,2.05624,1.95439,1.84665,1.73334,1.61498,1.49225,1.36588,1.2367,1.10579,0.97518,0.84873,0.73203,0.63029,0.54554,0.47624,0.4193,0.37197,0.33234,0.29909,0.27116,0.24761,0.22761,0.21042,0.19545,0.18225,0.17045,0.15979,0.15006,0.14112,0.13285,0.12519,0.11805,0.11139,0.10517,0.09935,0.0939,0.0888,0.08402,0.07954,0.07535,0.07141,0.06771,0.06425,0.061,0.05794,0.05507,0.05238,0.04984,0.04746,0.04522,0.04311,0.04112,0.03925,0.03748,0.03582,0.03425,0.03276,0.03136,0.03003,0.02877,0.02758,0.02646,0.02539,0.02437,0.02341,0.0225,0.02163,0.0208,0.02001,0.01926,0.01855,0.01787,0.01722,0.01659,0.016,0.01543,0.01489,0.01438,0.01397,0.01358,0.01321
5,9,500,560,150,171.624,164.63,25.727,31.14,1.06E+21,168.056,1.80182,1.81145,1.83649,1.90739,2.04544,2.20475,2.37704,2.65321,3.07259,3.56395,4.00539,4.32256,4.51696,4.62586,4.68567,4.721,4.74623,4.76925,4.79422,4.82319,4.85704,4.89595,4.93962,4.98745,5.03858,5.09192,5.14622,5.20011,5.25212,5.30077,5.34462,5.38234,5.41276,5.43483,5.44758,5.44988,5.4402,5.41635,5.37628,5.31999,5.25122,5.17619,5.10047,5.0272,4.95748,4.89153,4.82942,4.77117,4.71676,4.66608,4.61893,4.57503,4.5341,4.49585,4.45998,4.42626,4.39446,4.36438,4.33586,4.30876,4.28294,4.25831,4.23478,4.21226,4.19068,4.16998,4.15011,4.13101,4.11264,4.09497,4.07794,4.06154,4.04572,4.03046,4.01572,4.0015,3.98775,3.97446,3.96161,3.94917,3.93714,3.92548,3.9142,3.90326,3.89265,3.88237,3.87239,3.86271,3.85331,3.84418,3.83531,3.82669,3.81831,3.81017,3.80224,3.79453,3.78703,3.77972,3.77261,3.76568,3.75893,3.75234,3.74593,3.73967,3.73357,3.72761,3.7218,3.71613,3.71059,3.55432,3.74034,3.92659,4.0855,4.27976,4.51019,4.67203,4.6657,4.48519,4.20796,3.91708,3.65711,3.43989,3.26213,3.1162,2.99448,2.89051,2.79909,2.71608,2.63815,2.56259,2.48712,2.40991,2.32942,2.2445,2.15428,2.05827,1.9563,1.84849,1.73526,1.61721,1.49504,1.36948,1.24123,1.11118,0.98109,0.85462,0.73742,0.63494,0.54945,0.47954,0.42212,0.37439,0.33441,0.30085,0.27262,0.2488,0.22854,0.21112,0.19596,0.18258,0.17063,0.15984,0.15001,0.14099,0.13266,0.12494,0.11777,0.11109,0.10485,0.09902,0.09357,0.08848,0.0837,0.07923,0.07504,0.07112,0.06744,0.06399,0.06075,0.05771,0.05486,0.05218,0.04966,0.04729,0.04506,0.04297,0.04099,0.03913,0.03737,0.03572,0.03416,0.03268,0.03128,0.02996,0.02872,0.02753,0.02641,0.02535,0.02434,0.02338,0.02247,0.0216,0.02078,0.01999,0.01924,0.01853,0.01785,0.0172,0.01657,0.01598,0.01541,0.01487,0.01436,0.01395,0.01356,0.01318
13,9,500,560,150,169.988,165.15,26.137,31.6,1.00E+21,165.53,1.80129,1.81185,1.83866,1.91045,2.04746,2.20789,2.38352,2.6594,3.07617,3.56755,4.01102,4.32844,4.52077,4.62678,4.684,4.71739,4.74134,4.76363,4.78828,4.81722,4.85124,4.89039,4.93432,4.98234,5.03353,5.08675,5.14075,5.19413,5.24548,5.29338,5.33652,5.3737,5.40392,5.42629,5.43999,5.44399,5.43672,5.4159,5.37917,5.32605,5.2597,5.18599,5.11057,5.03692,4.96655,4.89996,4.83732,4.77867,4.72396,4.67306,4.62572,4.58165,4.54056,4.50213,4.4661,4.43222,4.40025,4.37001,4.34134,4.31408,4.28813,4.26337,4.23971,4.21708,4.1954,4.1746,4.15464,4.13547,4.11703,4.09929,4.0822,4.06574,4.04988,4.03457,4.0198,4.00554,3.99176,3.97844,3.96557,3.95311,3.94106,3.92938,3.91808,3.90713,3.89651,3.88621,3.87623,3.86654,3.85713,3.848,3.83912,3.8305,3.82212,3.81397,3.80604,3.79833,3.79083,3.78352,3.7764,3.76947,3.76272,3.75614,3.74972,3.74347,3.73737,3.73141,3.7256,3.71993,3.71439,3.55535,3.74018,3.92627,4.08718,4.28005,4.50677,4.66804,4.66326,4.48193,4.20166,3.9083,3.64747,3.43069,3.25408,3.10959,2.98932,2.88668,2.79641,2.71434,2.63712,2.56204,2.48689,2.40986,2.3295,2.24472,2.15477,2.05925,1.95805,1.85139,1.7397,1.62355,1.50356,1.38029,1.2542,1.12591,0.99684,0.87038,0.75203,0.64743,0.55936,0.48703,0.42773,0.3787,0.33789,0.30378,0.27518,0.25104,0.2305,0.21282,0.1974,0.18378,0.17161,0.16062,0.15061,0.14144,0.13298,0.12514,0.11788,0.11111,0.10481,0.09893,0.09344,0.08831,0.08351,0.07901,0.07481,0.07087,0.06718,0.06373,0.06048,0.05744,0.05459,0.0519,0.04938,0.04701,0.04479,0.04269,0.04071,0.03885,0.0371,0.03544,0.03387,0.0324,0.031,0.02967,0.02842,0.02724,0.02611,0.02504,0.02403,0.02307,0.02215,0.02128,0.02045,0.01966,0.0189,0.01818,0.0175,0.01684,0.01621,0.01561,0.01503,0.01448,0.01397,0.01357,0.01319,0.01282
1,10,500,820,150,337.856,331.84,34.584,38.05,3.18E+20,324.012,1.72689,1.74611,1.79678,1.89023,2.01003,2.14242,2.32656,2.62515,3.04902,3.52831,3.95776,4.27059,4.46254,4.56507,4.61385,4.63543,4.64641,4.65635,4.67044,4.69132,4.72005,4.75674,4.80077,4.85101,4.90589,4.96348,5.02165,5.0782,5.13106,5.17847,5.21923,5.25288,5.27975,5.30103,5.3186,5.33455,5.35019,5.36472,5.37435,5.37322,5.35616,5.32105,5.26957,5.20632,5.13686,5.06599,4.99687,4.93119,4.86962,4.81222,4.7588,4.70903,4.66258,4.61912,4.57835,4.54003,4.50392,4.46982,4.43757,4.40701,4.378,4.35044,4.32422,4.29924,4.27541,4.25266,4.23093,4.21013,4.19023,4.17115,4.15286,4.13531,4.11846,4.10226,4.08669,4.0717,4.05727,4.04336,4.02996,4.01703,4.00455,3.9925,3.98086,3.96961,3.95873,3.9482,3.93801,3.92814,3.91858,3.90931,3.90032,3.89161,3.88315,3.87493,3.86696,3.85921,3.85168,3.84436,3.83724,3.83032,3.82358,3.81701,3.81063,3.8044,3.79834,3.79243,3.78667,3.78105,3.77557,3.54638,3.71005,3.86818,4.04309,4.26131,4.48692,4.62874,4.60986,4.4297,4.1551,3.86205,3.59718,3.37657,3.19932,3.05833,2.94546,2.85335,2.77583,2.70777,2.64494,2.58384,2.52157,2.45586,2.38502,2.30804,2.22461,2.1351,2.04053,1.94242,1.84257,1.74277,1.6444,1.548,1.45272,1.35603,1.25431,1.14459,1.02698,0.9055,0.78667,0.67715,0.58151,0.50134,0.43567,0.38223,0.33854,0.30239,0.27206,0.24624,0.22398,0.20458,0.1875,0.17235,0.15884,0.14671,0.13577,0.12588,0.1169,0.10872,0.10125,0.09442,0.08815,0.08239,0.07708,0.07218,0.06766,0.06347,0.05958,0.05596,0.0526,0.04947,0.04654,0.04381,0.04125,0.03885,0.03659,0.03447,0.03247,0.03059,0.02881,0.02713,0.02554,0.02403,0.0226,0.02124,0.01995,0.01872,0.01754,0.01642,0.01535,0.01432,0.01333,0.01239,0.01148,0.01061,0.00978,0.00897,0.00819,0.00744,0.00672,0.00602,0.00534,0.00468,0.00407,0.0036,0.00315,0.0027
5,10,500,820,150,338.904,334.73,34.696,38.28,3.08E+20,324.817,1.72673,1.74597,1.7967,1.89023,2.00993,2.14239,2.32676,2.6252,3.04867,3.52774,3.95718,4.26995,4.46174,4.56403,4.61258,4.63396,4.64477,4.65458,4.66858,4.6894,4.71811,4.75479,4.79883,4.84908,4.90397,4.96157,5.01975,5.07629,5.12912,5.1765,5.21725,5.25088,5.27777,5.29913,5.31685,5.33303,5.34902,5.36405,5.37429,5.37384,5.35743,5.32281,5.27162,5.20846,5.13899,5.06805,4.99885,4.93309,4.87145,4.81399,4.76051,4.71069,4.66419,4.62068,4.57987,4.5415,4.50534,4.4712,4.43891,4.40831,4.37928,4.35168,4.32543,4.30042,4.27656,4.25379,4.23203,4.21121,4.19129,4.1722,4.15389,4.13632,4.11945,4.10324,4.08765,4.07265,4.05821,4.0443,4.03088,4.01794,4.00546,3.9934,3.98175,3.9705,3.95961,3.94908,3.93888,3.92901,3.91944,3.91017,3.90118,3.89246,3.884,3.87578,3.8678,3.86005,3.85252,3.8452,3.83808,3.83115,3.82441,3.81785,3.81145,3.80523,3.79916,3.79325,3.78749,3.78187,3.77639,3.54594,3.70948,3.8675,4.0425,4.26048,4.48566,4.62737,4.60863,4.42854,4.15386,3.86072,3.59584,3.37529,3.19817,3.05734,2.94465,2.85274,2.7754,2.70753,2.64488,2.58393,2.52181,2.45623,2.38551,2.30865,2.22535,2.13598,2.04158,1.94367,1.84406,1.74454,1.64651,1.55047,1.45556,1.35924,1.25782,1.14828,1.03065,0.90891,0.78966,0.67962,0.58351,0.50295,0.43698,0.38332,0.33945,0.30317,0.27272,0.2468,0.22445,0.20496,0.18781,0.17261,0.15903,0.14685,0.13587,0.12594,0.11693,0.10872,0.10122,0.09437,0.08808,0.0823,0.07698,0.07206,0.06753,0.06332,0.05942,0.0558,0.05243,0.04929,0.04636,0.04362,0.04105,0.03865,0.03639,0.03426,0.03226,0.03037,0.02859,0.02691,0.02531,0.0238,0.02237,0.021,0.01971,0.01847,0.01729,0.01617,0.01509,0.01406,0.01307,0.01213,0.01122,0.01035,0.0095,0.0087,0.00792,0.00716,0.00643,0.00573,0.00505,0.00439,0.00378,0.00332,0.00287,0.00243
13,10,500,820,150,333.99,327.85,34.981,38.54,2.98E+20,320.54,1.72257,1.73974,1.79455,1.8944,2.01444,2.14191,2.32543,2.62842,3.05542,3.5336,3.96058,4.27217,4.46386,4.56625,4.61473,4.63585,4.6463,4.65568,4.66924,4.6896,4.71783,4.75399,4.79746,4.84705,4.90117,4.95791,5.01511,5.07061,5.12236,5.16866,5.20838,5.24111,5.26726,5.28808,5.30554,5.32184,5.33852,5.35515,5.36834,5.37228,5.36111,5.33141,5.28374,5.22235,5.1532,5.08169,5.01151,4.94466,4.88197,4.82356,4.76925,4.71871,4.67159,4.62754,4.58626,4.54748,4.51097,4.47651,4.44394,4.41309,4.38382,4.35603,4.32958,4.3044,4.28039,4.25747,4.23558,4.21464,4.19459,4.17539,4.15698,4.13932,4.12235,4.10605,4.09038,4.0753,4.06078,4.04679,4.03331,4.0203,4.00775,3.99563,3.98392,3.9726,3.96166,3.95107,3.94082,3.93089,3.92128,3.91195,3.90292,3.89415,3.88564,3.87738,3.86936,3.86156,3.85399,3.84663,3.83946,3.8325,3.82572,3.81912,3.81269,3.80643,3.80033,3.79438,3.78858,3.78293,3.77742,3.54893,3.71222,3.86524,4.04022,4.26344,4.49103,4.62983,4.60751,4.42668,4.15284,3.86031,3.59549,3.37473,3.19735,3.0563,2.94346,2.85145,2.77403,2.70609,2.64337,2.58237,2.52022,2.45466,2.38406,2.30746,2.22459,2.13587,2.04237,1.94562,1.84744,1.74962,1.65355,1.55977,1.46745,1.37409,1.27593,1.16952,1.05405,0.93263,0.81154,0.69813,0.59815,0.51405,0.44526,0.38952,0.34419,0.30689,0.27574,0.24934,0.22665,0.20693,0.18961,0.17428,0.16062,0.14838,0.13736,0.1274,0.11837,0.11014,0.10264,0.09578,0.08949,0.0837,0.07838,0.07347,0.06893,0.06473,0.06084,0.05722,0.05385,0.05072,0.04779,0.04505,0.04249,0.04009,0.03783,0.03571,0.03371,0.03183,0.03006,0.02838,0.02679,0.02528,0.02385,0.02249,0.0212,0.01997,0.0188,0.01768,0.01661,0.01559,0.01461,0.01367,0.01277,0.0119,0.01107,0.01027,0.00949,0.00875,0.00803,0.00733,0.00666,0.00601,0.00539,0.00484,0.0043,0.00377
1,11,425,560,175,165.888,161.7,24.044,30.4,1.51E+21,165.292,1.83821,1.83959,1.86299,1.9384,2.08563,2.25464,2.42814,2.69182,3.09399,3.57666,4.01781,4.33415,4.52521,4.63143,4.6911,4.72873,4.75782,4.78527,4.81443,4.84674,4.88265,4.92203,4.96448,5.0094,5.05612,5.10391,5.152,5.19962,5.24591,5.29001,5.3309,5.36748,5.39841,5.42211,5.43663,5.4396,5.42845,5.40091,5.3562,5.29621,5.22563,5.15025,5.07478,5.0018,4.93232,4.86668,4.80503,4.74744,4.69385,4.6441,4.59793,4.55503,4.51506,4.47772,4.4427,4.40974,4.37863,4.34917,4.32118,4.29455,4.26914,4.24485,4.2216,4.19931,4.17792,4.15737,4.1376,4.11858,4.10026,4.0826,4.06556,4.04913,4.03326,4.01793,4.00312,3.9888,3.97494,3.96153,3.94856,3.93599,3.92381,3.91201,3.90057,3.88947,3.87871,3.86826,3.85812,3.84827,3.8387,3.8294,3.82036,3.81157,3.80302,3.7947,3.7866,3.77872,3.77105,3.76357,3.75629,3.74919,3.74227,3.73552,3.72894,3.72252,3.71625,3.71014,3.70417,3.69834,3.69264,3.55114,3.74434,3.93208,4.08327,4.26125,4.47812,4.63978,4.64241,4.46772,4.19146,3.9022,3.6463,3.43404,3.2604,3.11679,2.99529,2.88956,2.79471,2.70704,2.62371,2.54252,2.46177,2.38013,2.29652,2.2101,2.12015,2.0261,1.92745,1.82379,1.71477,1.60019,1.47998,1.35444,1.22444,1.09192,0.96034,0.8347,0.72055,0.62193,0.53982,0.47246,0.41705,0.37112,0.33289,0.301,0.27433,0.25186,0.23273,0.21623,0.20176,0.18889,0.17729,0.16672,0.157,0.14799,0.13962,0.1318,0.12448,0.11762,0.11119,0.10515,0.09948,0.09416,0.08916,0.08447,0.08006,0.07592,0.07203,0.06838,0.06495,0.06173,0.0587,0.05586,0.05319,0.05067,0.04831,0.04608,0.04399,0.04202,0.04016,0.03842,0.03677,0.03521,0.03374,0.03236,0.03105,0.02982,0.02865,0.02755,0.0265,0.02551,0.02458,0.02369,0.02285,0.02205,0.02129,0.02057,0.01989,0.01924,0.01863,0.01804,0.01748,0.01695,0.01648,0.01619,0.01591,0.01565
5,11,425,560,175,165.052,160.28,24.228,30.62,1.46E+21,163.752,1.83382,1.83649,1.86094,1.93646,2.08244,2.25035,2.4243,2.68913,3.09191,3.57433,4.01511,4.3316,4.52309,4.62956,4.68919,4.72653,4.75518,4.78218,4.81093,4.84294,4.87868,4.91805,4.96064,5.00584,5.05295,5.1012,5.14976,5.19779,5.2444,5.28865,5.32955,5.36598,5.39668,5.42016,5.43462,5.43785,5.42736,5.40085,5.3573,5.29831,5.22836,5.15331,5.07796,5.00502,4.93556,4.86993,4.80827,4.75064,4.697,4.64718,4.60092,4.55791,4.51783,4.48037,4.44524,4.41217,4.38095,4.35138,4.32331,4.29659,4.2711,4.24674,4.22342,4.20108,4.17964,4.15904,4.13924,4.12019,4.10184,4.08415,4.0671,4.05065,4.03477,4.01944,4.00462,3.99029,3.97644,3.96303,3.95006,3.9375,3.92533,3.91353,3.9021,3.89101,3.88026,3.86982,3.85969,3.84985,3.8403,3.83101,3.82199,3.81321,3.80467,3.79637,3.78829,3.78042,3.77276,3.7653,3.75803,3.75095,3.74405,3.73731,3.73075,3.72434,3.71809,3.71199,3.70604,3.70022,3.69454,3.55138,3.7432,3.9302,4.08238,4.26169,4.47881,4.63982,4.64193,4.46741,4.19154,3.9023,3.64607,3.43342,3.25949,3.11579,2.99441,2.88897,2.79456,2.70742,2.62466,2.54403,2.46378,2.38253,2.29919,2.21288,2.12291,2.02872,1.92989,1.82606,1.71699,1.60254,1.48272,1.3578,1.22858,1.0968,0.96568,0.84002,0.72539,0.62608,0.54328,0.47535,0.41949,0.37318,0.33462,0.30243,0.27547,0.25274,0.23337,0.21665,0.20201,0.18898,0.17725,0.16657,0.15676,0.14769,0.13927,0.13141,0.12407,0.11719,0.11075,0.10471,0.09904,0.09373,0.08874,0.08406,0.07966,0.07554,0.07167,0.06803,0.06462,0.06141,0.0584,0.05557,0.05291,0.05042,0.04806,0.04585,0.04377,0.04181,0.03997,0.03823,0.03659,0.03504,0.03358,0.03221,0.03091,0.02968,0.02851,0.02742,0.02638,0.02539,0.02446,0.02357,0.02273,0.02194,0.02118,0.02046,0.01978,0.01913,0.01851,0.01793,0.01737,0.01683,0.01636,0.01606,0.01579,0.01552
13,11,425,560,175,162.524,156.19,24.949,31.14,1.40E+21,159.904,1.82472,1.83081,1.85944,1.93681,2.07982,2.24563,2.42203,2.68812,3.08815,3.56652,4.00541,4.32231,4.51474,4.62161,4.68097,4.71762,4.74544,4.77164,4.79976,4.83137,4.86695,4.9064,4.94927,4.99489,5.04247,5.09115,5.13999,5.18806,5.2344,5.27806,5.3181,5.35354,5.38336,5.40639,5.42119,5.42589,5.41815,5.39544,5.35606,5.30076,5.23348,5.16001,5.08547,5.0129,4.94363,4.87811,4.81654,4.75896,4.70531,4.65541,4.60902,4.56582,4.52551,4.48778,4.45235,4.41899,4.38747,4.35761,4.32925,4.30225,4.27651,4.25191,4.22838,4.20583,4.18421,4.16345,4.14349,4.1243,4.10583,4.08804,4.0709,4.05436,4.03841,4.02301,4.00813,3.99376,3.97987,3.96643,3.95342,3.94084,3.92865,3.91684,3.9054,3.89431,3.88355,3.87311,3.86298,3.85315,3.8436,3.83432,3.8253,3.81654,3.80802,3.79973,3.79166,3.78381,3.77617,3.76872,3.76147,3.75441,3.74752,3.74081,3.73426,3.72788,3.72165,3.71557,3.70963,3.70384,3.69818,3.55097,3.73858,3.92261,4.07694,4.25714,4.47106,4.62904,4.63159,4.45985,4.18618,3.89765,3.64127,3.42833,3.25437,3.111,2.99026,2.88572,2.79236,2.70633,2.62463,2.54496,2.46549,2.3848,2.30179,2.21564,2.12571,2.03159,1.933,1.82976,1.72182,1.60914,1.49177,1.36984,1.24382,1.11485,0.98547,0.86004,0.74419,0.64278,0.55771,0.48774,0.4302,0.38255,0.34286,0.30966,0.28177,0.25817,0.238,0.22053,0.20519,0.19156,0.17929,0.16815,0.15794,0.14854,0.13983,0.13174,0.12421,0.11719,0.11063,0.10449,0.09876,0.09339,0.08836,0.08366,0.07925,0.07512,0.07124,0.06762,0.06421,0.06102,0.05802,0.05521,0.05257,0.05009,0.04775,0.04556,0.0435,0.04155,0.03972,0.038,0.03637,0.03484,0.03339,0.03203,0.03074,0.02952,0.02836,0.02727,0.02623,0.02525,0.02433,0.02344,0.02261,0.02181,0.02106,0.02034,0.01966,0.019,0.01839,0.01779,0.01723,0.01669,0.01622,0.01595,0.01569,0.01544
1,12,350,690,175,187.944,179.44,29.581,34.38,6.93E+20,182.563,1.77943,1.80175,1.8464,1.92599,2.05094,2.2134,2.41331,2.69383,3.09761,3.58933,4.04554,4.36555,4.54589,4.6339,4.67395,4.69369,4.70794,4.72403,4.74537,4.77326,4.80788,4.84873,4.8949,4.94516,4.99806,5.05202,5.1054,5.15662,5.20431,5.2474,5.28525,5.3177,5.34504,5.3679,5.38693,5.40224,5.41255,5.41448,5.40274,5.37251,5.32278,5.25749,5.18341,5.10689,5.03215,4.96135,4.8953,4.83407,4.77737,4.72483,4.67601,4.63053,4.58802,4.54817,4.51071,4.4754,4.44204,4.41046,4.38051,4.35206,4.32498,4.29918,4.27457,4.25107,4.22859,4.20709,4.18649,4.16674,4.1478,4.12961,4.11213,4.09532,4.07916,4.06359,4.04859,4.03414,4.0202,4.00675,3.99376,3.98121,3.96909,3.95736,3.94602,3.93505,3.92442,3.91412,3.90415,3.89448,3.88509,3.87599,3.86716,3.85858,3.85025,3.84215,3.83428,3.82663,3.81919,3.81195,3.8049,3.79804,3.79136,3.78484,3.7785,3.77232,3.76629,3.76041,3.75467,3.74907,3.74361,3.56791,3.73912,3.92069,4.09954,4.2905,4.49488,4.64946,4.65205,4.46512,4.16538,3.85497,3.58684,3.37115,3.20075,3.06497,2.95425,2.86098,2.77929,2.70463,2.63344,2.56293,2.49093,2.4158,2.33646,2.25231,2.16327,2.06969,1.97227,1.87194,1.76961,1.666,1.56132,1.45502,1.34566,1.23118,1.11003,0.98308,0.85529,0.73451,0.62791,0.53884,0.46675,0.40896,0.36238,0.32434,0.29275,0.26609,0.24325,0.22341,0.20598,0.19052,0.1767,0.16425,0.153,0.14277,0.13344,0.12491,0.11709,0.1099,0.10328,0.09717,0.09153,0.08631,0.08147,0.07698,0.07281,0.06893,0.06531,0.06194,0.05879,0.05585,0.0531,0.05052,0.0481,0.04583,0.04369,0.04168,0.03979,0.038,0.03632,0.03473,0.03322,0.03179,0.03044,0.02915,0.02793,0.02677,0.02567,0.02462,0.02362,0.02266,0.02174,0.02087,0.02003,0.01923,0.01846,0.01772,0.01701,0.01633,0.01567,0.01504,0.01443,0.01384,0.0133,0.01289,0.0125,0.01213
5,12,350,690,175,188.448,179.56,29.79,34.91,6.76E+20,182.505,1.77777,1.80088,1.84659,1.92656,2.05066,2.21324,2.41474,2.69571,3.09894,3.59103,4.04825,4.36843,4.5479,4.63463,4.67346,4.69222,4.70574,4.72135,4.74241,4.77019,4.80483,4.84579,4.89213,4.94257,4.99565,5.04973,5.10315,5.15432,5.20186,5.24471,5.28228,5.31446,5.34163,5.36453,5.3839,5.39994,5.41141,5.41485,5.40479,5.37612,5.32751,5.26279,5.18878,5.11203,5.03696,4.96585,4.89954,4.8381,4.78125,4.72857,4.67964,4.63405,4.59143,4.55148,4.51391,4.4785,4.44505,4.41337,4.38333,4.3548,4.32764,4.30178,4.2771,4.25354,4.23102,4.20947,4.18883,4.16904,4.15007,4.13185,4.11435,4.09752,4.08133,4.06575,4.05074,4.03628,4.02233,4.00887,3.99588,3.98333,3.9712,3.95947,3.94813,3.93716,3.92653,3.91624,3.90627,3.8966,3.88722,3.87812,3.86929,3.86072,3.8524,3.84431,3.83644,3.8288,3.82136,3.81413,3.80708,3.80023,3.79355,3.78705,3.78071,3.77453,3.76851,3.76264,3.75691,3.75131,3.74586,3.56884,3.73917,3.92055,4.10069,4.29171,4.49483,4.6491,4.65207,4.4645,4.16324,3.85155,3.58284,3.36718,3.19716,3.06196,2.95189,2.85929,2.77822,2.70412,2.63341,2.56328,2.49156,2.41662,2.33739,2.25332,2.16435,2.07088,1.97368,1.8737,1.77193,1.66909,1.56536,1.46013,1.35185,1.23828,1.11765,0.99066,0.86221,0.74031,0.63242,0.54218,0.4692,0.4108,0.36382,0.3255,0.29371,0.26689,0.2439,0.22392,0.20637,0.19079,0.17687,0.16434,0.15301,0.14272,0.13334,0.12477,0.11692,0.1097,0.10307,0.09695,0.0913,0.08608,0.08124,0.07676,0.07259,0.06872,0.06511,0.06175,0.05861,0.05567,0.05293,0.05036,0.04795,0.04568,0.04356,0.04155,0.03967,0.03789,0.03621,0.03462,0.03312,0.03169,0.03034,0.02906,0.02785,0.02669,0.02559,0.02454,0.02353,0.02258,0.02166,0.02079,0.01995,0.01914,0.01837,0.01763,0.01692,0.01624,0.01558,0.01494,0.01433,0.01374,0.0132,0.01279,0.01239,0.01201
13,12,350,690,175,186.708,179.35,30.455,35.21,6.33E+20,180.224,1.77511,1.79969,1.84723,1.92786,2.05037,2.21355,2.41826,2.69894,3.09933,3.59062,4.04905,4.36942,4.54732,4.63171,4.66823,4.68509,4.6972,4.71186,4.73235,4.75988,4.79452,4.83567,4.8823,4.93307,4.98643,5.04068,5.09412,5.14512,5.1923,5.23464,5.27165,5.30335,5.33032,5.35348,5.37381,5.39169,5.40595,5.41305,5.40716,5.38254,5.33714,5.27436,5.20107,5.12423,5.04868,4.97701,4.91021,4.84838,4.79121,4.73827,4.68909,4.64326,4.6004,4.5602,4.52239,4.48673,4.45303,4.42112,4.39085,4.36209,4.33473,4.30867,4.28382,4.26009,4.23742,4.21573,4.19496,4.17506,4.15598,4.13767,4.12008,4.10318,4.08692,4.07128,4.05622,4.0417,4.02771,4.01421,4.00119,3.98861,3.97646,3.96471,3.95335,3.94236,3.93172,3.92141,3.91143,3.90175,3.89237,3.88327,3.87444,3.86586,3.85753,3.84945,3.84158,3.83394,3.82651,3.81927,3.81224,3.80539,3.79871,3.79222,3.78588,3.77971,3.7737,3.76783,3.76211,3.75652,3.75107,3.56852,3.73697,3.91778,4.09999,4.28979,4.48915,4.6425,4.64689,4.4592,4.15593,3.8424,3.57296,3.3576,3.18856,3.05469,2.9461,2.85499,2.77535,2.70254,2.63295,2.56376,2.49278,2.41842,2.33964,2.25596,2.16741,2.07449,1.97808,1.87924,1.77903,1.67819,1.57685,1.47429,1.36867,1.25742,1.13829,1.01157,0.88193,0.75762,0.64671,0.55354,0.47816,0.41799,0.36976,0.33053,0.29802,0.27059,0.24705,0.22658,0.20856,0.19256,0.17826,0.16539,0.15376,0.14321,0.13361,0.12485,0.11684,0.1095,0.10275,0.09654,0.09081,0.08553,0.08064,0.07611,0.07191,0.06801,0.06438,0.061,0.05785,0.05491,0.05215,0.04958,0.04716,0.04489,0.04276,0.04075,0.03886,0.03708,0.03539,0.0338,0.03229,0.03087,0.02951,0.02822,0.027,0.02584,0.02473,0.02367,0.02266,0.02169,0.02077,0.01989,0.01904,0.01823,0.01745,0.0167,0.01598,0.01528,0.01461,0.01396,0.01334,0.01274,0.01219,0.01181,0.01144,0.01108
1,13,425,820,175,303.538,295.86,33.686,37.78,4.05E+20,293.341,1.72774,1.7447,1.81102,1.92216,2.04317,2.16899,2.35755,2.66411,3.08717,3.56131,3.98911,4.30154,4.4915,4.59157,4.6389,4.66043,4.67246,4.68406,4.69995,4.72236,4.75203,4.78878,4.8318,4.87984,4.93128,4.9843,5.03694,5.08729,5.13365,5.1747,5.20971,5.23859,5.26201,5.2813,5.29824,5.31461,5.33134,5.34738,5.35909,5.36089,5.34741,5.31568,5.26646,5.20403,5.13431,5.06259,4.99246,4.92584,4.86346,4.80541,4.75147,4.70131,4.65454,4.61084,4.56988,4.5314,4.49517,4.46097,4.42864,4.39801,4.36895,4.34134,4.31507,4.29004,4.26617,4.24338,4.2216,4.20076,4.1808,4.16168,4.14333,4.12572,4.10881,4.09255,4.0769,4.06185,4.04734,4.03336,4.01988,4.00687,3.99431,3.98218,3.97045,3.95911,3.94814,3.93752,3.92724,3.91728,3.90762,3.89826,3.88918,3.88037,3.87181,3.8635,3.85543,3.84759,3.83996,3.83254,3.82533,3.81831,3.81147,3.80481,3.79833,3.79201,3.78585,3.77985,3.77399,3.76828,3.76271,3.56445,3.72627,3.87373,4.0504,4.27494,4.49646,4.62995,4.60882,4.42943,4.15361,3.85905,3.59422,3.37481,3.19889,3.05861,2.94545,2.85196,2.772,2.70059,2.63374,2.5682,2.50142,2.43146,2.35701,2.27739,2.19258,2.10313,2.01013,1.915,1.8193,1.72446,1.63136,1.54003,1.44926,1.35643,1.25807,1.15138,1.03616,0.91574,0.79631,0.68494,0.58712,0.50514,0.43832,0.38434,0.34053,0.30453,0.27451,0.24908,0.22723,0.20824,0.19156,0.1768,0.16364,0.15185,0.14123,0.13163,0.12292,0.11499,0.10775,0.10113,0.09506,0.08948,0.08434,0.0796,0.07521,0.07115,0.06739,0.0639,0.06064,0.05762,0.05479,0.05215,0.04968,0.04736,0.04519,0.04315,0.04123,0.03943,0.03772,0.03611,0.03459,0.03316,0.03179,0.0305,0.02928,0.02811,0.027,0.02595,0.02494,0.02398,0.02306,0.02218,0.02134,0.02054,0.01977,0.01903,0.01831,0.01763,0.01697,0.01634,0.01572,0.01513,0.01453,0.01382,0.01312,0.01245
5,13,425,820,175,304.09,296.78,33.834,38.04,3.99E+20,293.75,1.72669,1.74335,1.81042,1.92263,2.04354,2.16853,2.35724,2.66473,3.08852,3.56288,3.9906,4.30282,4.49249,4.59219,4.63916,4.66035,4.67209,4.68345,4.69915,4.72142,4.75098,4.78765,4.83061,4.87859,4.92997,4.98291,5.03545,5.08567,5.13188,5.17277,5.20762,5.23635,5.25966,5.2789,5.29588,5.31243,5.32952,5.34619,5.35883,5.36183,5.34963,5.31899,5.27045,5.20829,5.13853,5.0666,4.99619,4.92929,4.86665,4.80837,4.75424,4.7039,4.65698,4.61315,4.57207,4.53349,4.49717,4.46289,4.43049,4.39979,4.37067,4.34301,4.31669,4.29162,4.2677,4.24488,4.22306,4.20219,4.1822,4.16305,4.14468,4.12705,4.11012,4.09384,4.07818,4.0631,4.04858,4.03459,4.02109,4.00807,3.9955,3.98335,3.97161,3.96026,3.94928,3.93866,3.92836,3.91839,3.90873,3.89936,3.89027,3.88145,3.87289,3.86458,3.8565,3.84865,3.84102,3.83359,3.82637,3.81935,3.81251,3.80584,3.79935,3.79303,3.78687,3.78086,3.775,3.76929,3.76371,3.5651,3.7268,3.87346,4.05042,4.27596,4.49782,4.63088,4.60912,4.42922,4.15302,3.85817,3.59316,3.3737,3.19783,3.05765,2.94465,2.85133,2.77154,2.70031,2.63362,2.56823,2.50158,2.43173,2.35739,2.27789,2.19321,2.10393,2.01114,1.91629,1.82094,1.72652,1.63393,1.5432,1.45309,1.36098,1.26334,1.15723,1.04227,0.92164,0.80153,0.68919,0.59039,0.50756,0.44009,0.38564,0.3415,0.30528,0.27509,0.24954,0.2276,0.20854,0.19182,0.17702,0.16384,0.15202,0.14139,0.13177,0.12305,0.11511,0.10787,0.10125,0.09517,0.08959,0.08445,0.07971,0.07533,0.07127,0.06751,0.06401,0.06076,0.05774,0.05491,0.05227,0.0498,0.04749,0.04532,0.04328,0.04136,0.03956,0.03785,0.03625,0.03473,0.03329,0.03193,0.03064,0.02941,0.02825,0.02714,0.02608,0.02508,0.02412,0.0232,0.02232,0.02148,0.02068,0.01991,0.01916,0.01845,0.01777,0.01711,0.01647,0.01586,0.01527,0.01467,0.01394,0.01323,0.01253
13,13,425,820,175,300.074,291.88,34.247,38.31,3.80E+20,289.965,1.72512,1.74115,1.81043,1.92568,2.04641,2.16993,2.35956,2.66805,3.09104,3.56387,3.99067,4.30233,4.49127,4.59004,4.63606,4.65642,4.66751,4.67838,4.69374,4.71577,4.74515,4.78166,4.82443,4.87216,4.92319,4.97567,5.02762,5.07715,5.1226,5.16272,5.19686,5.22504,5.24803,5.26729,5.28472,5.30224,5.32094,5.33999,5.35587,5.36284,5.35473,5.32751,5.28116,5.21994,5.15021,5.07783,5.00681,4.93926,4.87604,4.81724,4.76265,4.7119,4.66462,4.62045,4.57907,4.5402,4.50361,4.46908,4.43644,4.40553,4.37621,4.34836,4.32187,4.29664,4.27257,4.24961,4.22766,4.20667,4.18657,4.16731,4.14885,4.13112,4.1141,4.09774,4.082,4.06686,4.05227,4.03821,4.02466,4.01158,3.99895,3.98676,3.97497,3.96357,3.95255,3.94188,3.93155,3.92154,3.91184,3.90244,3.89332,3.88446,3.87587,3.86753,3.85942,3.85154,3.84388,3.83644,3.82919,3.82214,3.81527,3.80859,3.80208,3.79573,3.78955,3.78352,3.77765,3.77191,3.76632,3.56511,3.72613,3.87037,4.04771,4.27401,4.49453,4.62586,4.60364,4.42395,4.14774,3.85273,3.58774,3.36855,3.19317,3.05359,2.94123,2.84853,2.7693,2.69856,2.63228,2.56721,2.50084,2.43125,2.3572,2.27808,2.19392,2.10537,2.01356,1.91998,1.8262,1.73362,1.64313,1.55469,1.46698,1.37729,1.28189,1.1775,1.06321,0.94179,0.8195,0.70423,0.60244,0.51707,0.44763,0.39173,0.34652,0.3095,0.27868,0.25262,0.23027,0.21085,0.19382,0.17876,0.16535,0.15334,0.14253,0.13277,0.12392,0.11588,0.10854,0.10183,0.09569,0.09005,0.08485,0.08006,0.07564,0.07155,0.06776,0.06423,0.06096,0.05791,0.05506,0.05241,0.04992,0.04759,0.04541,0.04336,0.04143,0.03961,0.0379,0.03628,0.03475,0.03331,0.03194,0.03064,0.02941,0.02823,0.02712,0.02606,0.02504,0.02408,0.02315,0.02227,0.02142,0.02061,0.01984,0.01909,0.01838,0.01769,0.01702,0.01638,0.01577,0.01517,0.01457,0.01382,0.0131,0.0124
1,14,500,690,175,268.008,261.51,29.6,34.73,6.82E+20,260.269,1.74905,1.77967,1.84028,1.93069,2.04831,2.19817,2.40048,2.69081,3.09422,3.5735,4.01985,4.34059,4.52721,4.62114,4.66472,4.68582,4.69999,4.71529,4.73561,4.76258,4.79654,4.83709,4.88329,4.93383,4.98709,5.04128,5.09452,5.145,5.19114,5.2318,5.26641,5.2951,5.31866,5.33846,5.35602,5.37229,5.38644,5.39457,5.38995,5.36609,5.32115,5.25933,5.18788,5.11343,5.04029,4.97065,4.90535,4.84449,4.78786,4.73512,4.6859,4.63988,4.59673,4.55618,4.518,4.48197,4.44791,4.41565,4.38506,4.35602,4.32839,4.30209,4.27703,4.25311,4.23027,4.20843,4.18754,4.16753,4.14835,4.12996,4.1123,4.09534,4.07903,4.06335,4.04826,4.03372,4.01971,4.0062,3.99317,3.98059,3.96844,3.95669,3.94534,3.93436,3.92374,3.91345,3.90348,3.89382,3.88446,3.87538,3.86657,3.85802,3.84972,3.84166,3.83382,3.8262,3.81879,3.81159,3.80458,3.79776,3.79111,3.78464,3.77834,3.77219,3.7662,3.76036,3.75467,3.74911,3.74369,3.5737,3.73322,3.90162,4.08481,4.28651,4.48919,4.63252,4.63099,4.45289,4.16443,3.85973,3.59209,3.37448,3.20173,3.06409,2.95226,2.85861,2.7771,2.70298,2.63248,2.56258,2.49095,2.41582,2.33605,2.25107,2.16096,2.06633,1.96825,1.86807,1.76718,1.66663,1.56677,1.46685,1.36472,1.25702,1.14067,1.01563,0.88715,0.76434,0.65536,0.56392,0.48947,0.42931,0.38038,0.34005,0.30629,0.27762,0.25297,0.23153,0.21272,0.19609,0.18129,0.16805,0.15616,0.14543,0.13572,0.12691,0.11889,0.11157,0.10488,0.09875,0.09312,0.08794,0.08317,0.07876,0.07469,0.07092,0.06742,0.06416,0.06114,0.05832,0.05569,0.05323,0.05093,0.04877,0.04675,0.04485,0.04307,0.04138,0.0398,0.0383,0.03688,0.03554,0.03427,0.03306,0.03192,0.03083,0.0298,0.02881,0.02787,0.02697,0.02611,0.02529,0.0245,0.02375,0.02302,0.02233,0.02166,0.02101,0.02039,0.01979,0.01922,0.01866,0.01813,0.01763,0.01715,0.01668
5,14,500,690,175,268.124,260.5,29.877,35.22,6.53E+20,259.9,1.74655,1.77739,1.83922,1.93079,2.04786,2.19656,2.39925,2.6909,3.09514,3.57449,4.02067,4.3413,4.52777,4.62142,4.66462,4.6853,4.69907,4.71402,4.73405,4.7608,4.79463,4.83512,4.88131,4.93188,4.98519,5.03943,5.09269,5.14313,5.18918,5.22969,5.26409,5.29253,5.31587,5.33552,5.3531,5.36963,5.38436,5.39343,5.39007,5.36763,5.32404,5.26325,5.19242,5.11818,5.04499,4.97516,4.90961,4.84849,4.79161,4.73864,4.68923,4.64301,4.59969,4.55899,4.52067,4.48451,4.45033,4.41797,4.38729,4.35815,4.33045,4.30408,4.27895,4.25497,4.23208,4.21019,4.18926,4.16921,4.15,4.13157,4.11389,4.09691,4.08058,4.06488,4.04977,4.03521,4.02119,4.00767,3.99463,3.98204,3.96988,3.95813,3.94677,3.93578,3.92515,3.91486,3.90489,3.89523,3.88587,3.87678,3.86797,3.85942,3.85112,3.84305,3.83522,3.8276,3.82019,3.81299,3.80598,3.79915,3.79251,3.78604,3.77974,3.77359,3.76761,3.76177,3.75607,3.75052,3.7451,3.57462,3.73349,3.90083,4.08469,4.28779,4.49079,4.63342,4.63116,4.45267,4.16394,3.85894,3.59101,3.37323,3.20044,3.06288,2.95123,2.85783,2.77661,2.70279,2.63259,2.56297,2.49157,2.41663,2.337,2.25213,2.1621,2.06755,1.9696,1.86963,1.76907,1.66899,1.56978,1.47066,1.36943,1.26266,1.14712,1.02257,0.89413,0.77086,0.66102,0.56853,0.49307,0.43206,0.38246,0.34163,0.3075,0.27855,0.25369,0.23208,0.21314,0.1964,0.18152,0.16822,0.15628,0.14551,0.13578,0.12694,0.11891,0.11159,0.10489,0.09876,0.09313,0.08796,0.08319,0.0788,0.07473,0.07097,0.06747,0.06423,0.06122,0.05841,0.05578,0.05333,0.05104,0.04889,0.04688,0.04499,0.04321,0.04153,0.03995,0.03846,0.03705,0.03571,0.03445,0.03324,0.0321,0.03102,0.02999,0.029,0.02807,0.02717,0.02631,0.02549,0.02471,0.02395,0.02323,0.02254,0.02187,0.02122,0.02061,0.02001,0.01943,0.01887,0.01834,0.01782,0.01732,0.01683
13,14,500,690,175,264.394,255.71,30.427,34.69,7.04E+20,255.775,1.74552,1.77554,1.83924,1.93346,2.05036,2.19806,2.40218,2.69515,3.09949,3.5791,4.02579,4.34592,4.53077,4.62243,4.66382,4.68305,4.69577,4.71,4.72957,4.75605,4.78972,4.8301,4.87619,4.9266,4.97966,5.03354,5.08631,5.13616,5.18155,5.22138,5.25519,5.28319,5.30633,5.32614,5.34429,5.36192,5.37836,5.38992,5.38992,5.37151,5.33197,5.2744,5.2054,5.13172,5.0582,4.98763,4.92122,4.85929,4.8017,4.74812,4.69819,4.65153,4.60782,4.56677,4.52813,4.49169,4.45725,4.42465,4.39375,4.36441,4.33653,4.30999,4.2847,4.26058,4.23755,4.21554,4.19449,4.17434,4.15503,4.13652,4.11875,4.10168,4.08529,4.06952,4.05434,4.03973,4.02565,4.01208,3.99898,3.98635,3.97414,3.96235,3.95095,3.93993,3.92926,3.91894,3.90894,3.89924,3.88985,3.88074,3.8719,3.86332,3.855,3.84691,3.83905,3.83141,3.82398,3.81675,3.80972,3.80288,3.79622,3.78973,3.78341,3.77725,3.77124,3.76539,3.75968,3.75411,3.74867,3.57571,3.73431,3.89997,4.0848,4.28889,4.4909,4.63251,4.62971,4.44991,4.15922,3.85276,3.58433,3.36679,3.19468,3.05801,2.9473,2.85479,2.77437,2.70124,2.6316,2.56243,2.49139,2.41677,2.33747,2.25299,2.1635,2.06968,1.9727,1.87398,1.77495,1.67667,1.57947,1.48254,1.38358,1.27908,1.1656,1.04254,0.91445,0.78999,0.67759,0.58188,0.50331,0.43975,0.38827,0.34611,0.31105,0.28145,0.2561,0.23412,0.21487,0.19788,0.18279,0.1693,0.15721,0.14631,0.13646,0.12754,0.11942,0.11203,0.10528,0.09909,0.09343,0.08822,0.08342,0.07899,0.0749,0.07112,0.06761,0.06435,0.06132,0.0585,0.05587,0.05341,0.05111,0.04895,0.04693,0.04503,0.04324,0.04156,0.03997,0.03847,0.03705,0.03571,0.03444,0.03323,0.03208,0.03099,0.02995,0.02896,0.02802,0.02712,0.02626,0.02543,0.02464,0.02388,0.02315,0.02245,0.02178,0.02113,0.02051,0.0199,0.01932,0.01876,0.01822,0.01767,0.01715,0.01664
1,15,425,690,150,203.796,201.9,30.7,35.13,5.06E+20,196.566,1.76037,1.78988,1.84393,1.92668,2.04423,2.20409,2.41391,2.70228,3.10859,3.60548,4.06872,4.39044,4.56638,4.64731,4.68023,4.69391,4.70348,4.71626,4.73552,4.76242,4.79698,4.83854,4.88597,4.93783,4.99241,5.04787,5.10231,5.15393,5.20122,5.24311,5.27912,5.30945,5.33494,5.35694,5.37689,5.39563,5.41216,5.42255,5.41995,5.39739,5.35224,5.28823,5.21307,5.13441,5.05743,4.98474,4.91722,4.85484,4.79722,4.74388,4.69433,4.64814,4.60495,4.56443,4.52632,4.49039,4.45646,4.42434,4.39389,4.36498,4.3375,4.31135,4.28642,4.26264,4.23993,4.21823,4.19746,4.17757,4.15852,4.14024,4.1227,4.10585,4.08965,4.07407,4.05908,4.04464,4.03072,4.01731,4.00436,3.99187,3.9798,3.96814,3.95687,3.94596,3.93541,3.92519,3.9153,3.90571,3.89641,3.8874,3.87865,3.87016,3.86192,3.85391,3.84613,3.83856,3.83121,3.82405,3.81709,3.81032,3.80372,3.79729,3.79103,3.78493,3.77898,3.77319,3.76753,3.76201,3.75663,3.58,3.74397,3.92332,4.11262,4.30989,4.51088,4.66298,4.665,4.47212,4.16196,3.84266,3.5697,3.35277,3.18349,3.05026,2.94283,2.85317,2.77509,2.70381,2.63557,2.56743,2.49712,2.42298,2.34393,2.25954,2.16993,2.07578,1.9782,1.87851,1.77803,1.67769,1.57772,1.47722,1.37395,1.26454,1.14587,1.01771,0.88508,0.75737,0.64373,0.54899,0.47301,0.41284,0.36483,0.32586,0.2936,0.26636,0.24298,0.22266,0.2048,0.18897,0.17485,0.16219,0.15079,0.14048,0.13113,0.12262,0.11487,0.10778,0.10129,0.09534,0.08986,0.08481,0.08016,0.07585,0.07186,0.06817,0.06473,0.06153,0.05856,0.05578,0.05318,0.05075,0.04847,0.04633,0.04432,0.04243,0.04064,0.03896,0.03737,0.03587,0.03444,0.03309,0.03181,0.03059,0.02943,0.02833,0.02727,0.02626,0.0253,0.02438,0.0235,0.02265,0.02184,0.02106,0.02031,0.01959,0.01889,0.01822,0.01757,0.01695,0.01634,0.01575,0.01519,0.01467,0.01416,0.01367
5,15,425,690,150,203.986,201.15,30.93,35.51,4.99E+20,196.175,1.75907,1.78921,1.84417,1.9273,2.04421,2.20409,2.41506,2.70368,3.10934,3.60613,4.06987,4.39171,4.56715,4.64729,4.67943,4.69248,4.70158,4.71405,4.73313,4.75997,4.79454,4.83617,4.88372,4.93569,4.99038,5.0459,5.10033,5.15187,5.199,5.24068,5.27644,5.30653,5.33187,5.35388,5.37408,5.39336,5.41076,5.4223,5.42096,5.39958,5.35529,5.29173,5.21668,5.13791,5.06074,4.98786,4.92018,4.85769,4.79998,4.74656,4.69693,4.65067,4.6074,4.56681,4.52863,4.49262,4.45861,4.42642,4.39591,4.36694,4.3394,4.31318,4.28821,4.26438,4.24163,4.21989,4.19908,4.17917,4.16008,4.14178,4.12422,4.10735,4.09114,4.07554,4.06054,4.04609,4.03217,4.01874,4.00579,3.99329,3.98122,3.96956,3.95828,3.94738,3.93682,3.92661,3.91671,3.90712,3.89783,3.88882,3.88007,3.87158,3.86334,3.85534,3.84756,3.84,3.83265,3.8255,3.81854,3.81177,3.80517,3.79875,3.79249,3.7864,3.78045,3.77466,3.76901,3.76349,3.75811,3.58051,3.74374,3.92279,4.11297,4.31019,4.51009,4.6618,4.66416,4.47111,4.16015,3.84012,3.56683,3.34993,3.18093,3.0481,2.94112,2.85192,2.77426,2.70335,2.63543,2.56755,2.49742,2.42339,2.34442,2.26007,2.17051,2.07646,1.97905,1.87966,1.77962,1.67989,1.58067,1.48103,1.37861,1.26992,1.15168,1.02353,0.89046,0.76195,0.64739,0.55181,0.47518,0.41455,0.36624,0.32705,0.29461,0.26722,0.24371,0.22326,0.20529,0.18935,0.17514,0.1624,0.15092,0.14055,0.13115,0.12261,0.11482,0.10771,0.1012,0.09523,0.08975,0.08469,0.08003,0.07573,0.07174,0.06804,0.06461,0.06142,0.05845,0.05567,0.05308,0.05065,0.04838,0.04624,0.04424,0.04235,0.04057,0.03889,0.0373,0.0358,0.03438,0.03303,0.03175,0.03054,0.02938,0.02827,0.02722,0.02621,0.02525,0.02433,0.02345,0.0226,0.02179,0.02101,0.02026,0.01954,0.01884,0.01816,0.01752,0.01689,0.01628,0.01569,0.01513,0.0146,0.01409,0.01361
13,15,425,690,150,202.028,199.58,31.251,35.86,4.77E+20,193.816,1.759,1.78894,1.8455,1.93043,2.04704,2.20697,2.41988,2.70878,3.1131,3.6097,4.07431,4.39595,4.56982,4.64794,4.6783,4.69002,4.69825,4.71019,4.72902,4.75578,4.79037,4.83204,4.87959,4.9315,4.98598,5.04116,5.09509,5.14602,5.19245,5.23342,5.26854,5.29817,5.32333,5.34553,5.36639,5.38682,5.40593,5.41976,5.42126,5.40301,5.36165,5.30022,5.22624,5.14764,5.0701,4.99664,4.92837,4.86534,4.8072,4.75341,4.70348,4.65696,4.61345,4.57264,4.53425,4.49806,4.46387,4.43151,4.40084,4.37172,4.34404,4.3177,4.2926,4.26866,4.24581,4.22397,4.20308,4.18308,4.16392,4.14555,4.12792,4.11099,4.09472,4.07908,4.06402,4.04953,4.03556,4.0221,4.00911,3.99657,3.98447,3.97278,3.96147,3.95054,3.93996,3.92972,3.9198,3.91019,3.90087,3.89184,3.88307,3.87457,3.86631,3.85829,3.85049,3.84291,3.83555,3.82838,3.82141,3.81463,3.80802,3.80158,3.79532,3.78921,3.78325,3.77745,3.77178,3.76626,3.76087,3.58129,3.74403,3.92214,4.11334,4.3102,4.50794,4.65886,4.66169,4.46793,4.15507,3.83355,3.55983,3.34333,3.17516,3.04332,2.93732,2.84899,2.77207,2.70173,2.63423,2.56663,2.49669,2.42279,2.34397,2.25984,2.17064,2.07717,1.9806,1.88234,1.78372,1.68566,1.58831,1.49062,1.39014,1.28322,1.16641,1.03906,0.90584,0.77605,0.65935,0.56131,0.48247,0.42011,0.37057,0.33054,0.29751,0.26969,0.24584,0.22511,0.20689,0.19074,0.17634,0.16343,0.15181,0.14131,0.1318,0.12316,0.11529,0.1081,0.10153,0.09551,0.08998,0.08489,0.0802,0.07587,0.07186,0.06814,0.06469,0.06148,0.0585,0.05571,0.0531,0.05067,0.04839,0.04624,0.04423,0.04234,0.04055,0.03886,0.03727,0.03577,0.03434,0.03299,0.0317,0.03048,0.02931,0.0282,0.02715,0.02613,0.02517,0.02424,0.02335,0.0225,0.02169,0.0209,0.02014,0.01941,0.01871,0.01804,0.01738,0.01675,0.01614,0.01554,0.01497,0.01445,0.01393,0.01344
1,16,350,820,150,243.524,238.61,34.548,38.44,3.04E+20,235.023,1.73812,1.7563,1.82597,1.93753,2.05676,2.19236,2.39586,2.70074,3.11726,3.60194,4.04665,4.36073,4.5378,4.62127,4.65487,4.66712,4.67386,4.68311,4.69865,4.72191,4.75303,4.79133,4.83564,4.8844,4.93581,4.98794,5.03886,5.0868,5.13033,5.16853,5.2011,5.22848,5.25179,5.27274,5.29327,5.31508,5.33873,5.36265,5.38236,5.39104,5.38169,5.35038,5.29841,5.23166,5.15752,5.08217,5.0094,4.94102,4.87754,4.81883,4.7645,4.71408,4.66714,4.62329,4.58221,4.54361,4.50725,4.47293,4.44048,4.40974,4.38058,4.35287,4.32651,4.3014,4.27746,4.25461,4.23278,4.21189,4.1919,4.17275,4.15439,4.13676,4.11984,4.10357,4.08793,4.07287,4.05837,4.0444,4.03093,4.01793,4.00538,3.99326,3.98155,3.97023,3.95927,3.94867,3.9384,3.92845,3.91881,3.90947,3.9004,3.8916,3.88306,3.87477,3.86671,3.85888,3.85126,3.84386,3.83665,3.82964,3.82281,3.81617,3.80969,3.80338,3.79723,3.79123,3.78539,3.77968,3.77411,3.5766,3.73848,3.89171,4.07754,4.29512,4.50388,4.64049,4.62655,4.43588,4.13731,3.82619,3.55587,3.33867,3.16855,3.03499,2.9281,2.8398,2.76373,2.69493,2.62949,2.56438,2.49729,2.4266,2.35136,2.27126,2.18662,2.09831,2.00761,1.91602,1.82499,1.73564,1.64836,1.56252,1.47619,1.38609,1.28819,1.17919,1.05864,0.93053,0.80287,0.68477,0.58277,0.49898,0.43196,0.37861,0.33574,0.30068,0.27144,0.24662,0.22522,0.20656,0.19012,0.17553,0.16251,0.15082,0.1403,0.13078,0.12216,0.11431,0.10716,0.10062,0.09462,0.08912,0.08406,0.0794,0.07509,0.0711,0.0674,0.06397,0.06078,0.0578,0.05502,0.05243,0.05,0.04772,0.04558,0.04357,0.04168,0.0399,0.03821,0.03662,0.03512,0.03369,0.03233,0.03105,0.02983,0.02866,0.02756,0.0265,0.02549,0.02452,0.0236,0.02272,0.02187,0.02105,0.02027,0.01952,0.0188,0.0181,0.01743,0.01678,0.01615,0.01555,0.01493,0.01417,0.01344,0.01274
5,16,350,820,150,244.312,239.88,34.645,38.57,2.97E+20,235.304,1.73886,1.75641,1.82556,1.93708,2.0566,2.19231,2.39568,2.70059,3.11764,3.60311,4.04819,4.36207,4.53866,4.62166,4.65486,4.66682,4.67333,4.68242,4.69784,4.72101,4.75205,4.7903,4.83457,4.8833,4.9347,4.98684,5.03778,5.08577,5.12937,5.16768,5.20039,5.22794,5.25142,5.27253,5.29319,5.31508,5.33881,5.36287,5.38292,5.39218,5.38355,5.35289,5.30132,5.23468,5.16046,5.0849,5.01191,4.94331,4.87965,4.82078,4.76632,4.7158,4.66878,4.62487,4.58374,4.5451,4.50871,4.47436,4.44188,4.41112,4.38194,4.35421,4.32783,4.30271,4.27876,4.25589,4.23405,4.21316,4.19315,4.17399,4.15562,4.13798,4.12105,4.10477,4.08912,4.07406,4.05955,4.04557,4.03209,4.01908,4.00652,3.9944,3.98268,3.97134,3.96038,3.94977,3.9395,3.92955,3.9199,3.91055,3.90147,3.89267,3.88412,3.87582,3.86776,3.85992,3.8523,3.84489,3.83768,3.83067,3.82383,3.81718,3.8107,3.80439,3.79823,3.79223,3.78638,3.78067,3.7751,3.57635,3.73878,3.89221,4.07796,4.29561,4.50477,4.64173,4.62756,4.43613,4.13682,3.82529,3.55486,3.33771,3.16771,3.0343,2.92758,2.83945,2.76355,2.69491,2.62963,2.56468,2.49776,2.42724,2.35218,2.27227,2.18782,2.09971,2.0092,1.91777,1.82688,1.73763,1.65041,1.56463,1.47839,1.38845,1.29082,1.18215,1.06181,0.93364,0.80558,0.68688,0.58425,0.49993,0.43252,0.37892,0.33589,0.30073,0.27144,0.24659,0.22519,0.20651,0.19007,0.17548,0.16245,0.15077,0.14024,0.13072,0.12208,0.11423,0.10706,0.10052,0.09451,0.089,0.08393,0.07926,0.07494,0.07094,0.06724,0.0638,0.06059,0.05761,0.05482,0.05222,0.04978,0.0475,0.04535,0.04334,0.04144,0.03965,0.03796,0.03636,0.03485,0.03341,0.03205,0.03076,0.02954,0.02837,0.02725,0.02619,0.02518,0.02421,0.02328,0.02239,0.02154,0.02072,0.01994,0.01918,0.01845,0.01775,0.01708,0.01643,0.0158,0.01519,0.01457,0.01381,0.01308,0.01237
13,16,350,820,150,239.524,232.41,34.903,38.88,2.89E+20,230.264,1.74461,1.75865,1.82602,1.93869,2.06041,2.19658,2.3989,2.70319,3.12104,3.60795,4.05343,4.36623,4.54116,4.62274,4.65499,4.66641,4.67267,4.68166,4.69702,4.72011,4.751,4.78898,4.83284,4.88105,4.93183,4.98329,5.03359,5.08105,5.12431,5.16252,5.19541,5.22339,5.24748,5.26922,5.29037,5.31247,5.33615,5.36028,5.38117,5.39251,5.38691,5.35925,5.30975,5.24396,5.16963,5.09344,5.01962,4.95021,4.88584,4.82641,4.7715,4.72064,4.67336,4.62925,4.58796,4.5492,4.51271,4.47829,4.44575,4.41492,4.38569,4.35791,4.33148,4.30631,4.28231,4.2594,4.2375,4.21656,4.19651,4.17729,4.15887,4.14118,4.12419,4.10786,4.09215,4.07703,4.06247,4.04844,4.0349,4.02184,4.00923,3.99705,3.98528,3.97389,3.96288,3.95222,3.94189,3.93189,3.92219,3.91279,3.90367,3.89482,3.88622,3.87788,3.86977,3.86189,3.85422,3.84677,3.83951,3.83245,3.82558,3.81889,3.81237,3.80601,3.79982,3.79378,3.78789,3.78214,3.77654,3.57497,3.74013,3.89364,4.07788,4.29496,4.5049,4.64269,4.62791,4.4346,4.13364,3.82151,3.5513,3.33475,3.1654,3.03254,2.92621,2.83831,2.76252,2.69389,2.62858,2.56361,2.49675,2.42644,2.35177,2.27246,2.18882,2.10169,2.01226,1.92192,1.832,1.7435,1.65679,1.57131,1.48535,1.39603,1.29965,1.19277,1.07406,0.94639,0.81729,0.69643,0.59132,0.50484,0.43582,0.38115,0.33747,0.30194,0.27246,0.24752,0.22607,0.20738,0.19093,0.17633,0.16328,0.15156,0.141,0.13143,0.12275,0.11484,0.10762,0.10101,0.09495,0.08937,0.08424,0.0795,0.07512,0.07106,0.0673,0.0638,0.06054,0.0575,0.05466,0.05201,0.04952,0.04719,0.045,0.04295,0.04101,0.03918,0.03745,0.03582,0.03428,0.03281,0.03143,0.03011,0.02886,0.02766,0.02653,0.02544,0.02441,0.02342,0.02248,0.02157,0.0207,0.01987,0.01907,0.0183,0.01756,0.01685,0.01617,0.01551,0.01487,0.01425,0.01363,0.01286,0.01212,0.0114
1,18,350,820,150,237.802,228.97,34.768,38.36,2.98E+20,228.663,1.73936,1.75684,1.82631,1.93824,2.05794,2.19359,2.39684,2.70153,3.118,3.60264,4.04722,4.36109,4.53795,4.6213,4.65485,4.66713,4.67391,4.68322,4.69881,4.7221,4.7532,4.79145,4.83566,4.88428,4.93552,4.98745,5.03817,5.08593,5.12932,5.16742,5.19997,5.22738,5.25078,5.27182,5.29242,5.31424,5.33784,5.3617,5.38148,5.39047,5.38163,5.35086,5.2993,5.23274,5.15864,5.08321,5.01033,4.94183,4.87825,4.81945,4.76505,4.71459,4.66761,4.62374,4.58263,4.54402,4.50765,4.47333,4.44087,4.41012,4.38095,4.35323,4.32686,4.30175,4.2778,4.25494,4.2331,4.21221,4.19221,4.17305,4.15467,4.13704,4.1201,4.10383,4.08817,4.0731,4.05859,4.04461,4.03112,4.01811,4.00555,3.99342,3.9817,3.97036,3.95939,3.94878,3.9385,3.92854,3.91889,3.90954,3.90046,3.89165,3.8831,3.87479,3.86672,3.85888,3.85126,3.84384,3.83663,3.8296,3.82277,3.81611,3.80963,3.80331,3.79715,3.79114,3.78528,3.77957,3.77399,3.57631,3.73869,3.89179,4.07722,4.29461,4.50339,4.64002,4.62602,4.43525,4.13664,3.82559,3.55542,3.33837,3.16836,3.03486,2.92799,2.83966,2.76353,2.69464,2.62911,2.5639,2.49675,2.42603,2.3508,2.27078,2.18627,2.09814,2.00766,1.9163,1.82548,1.7363,1.64913,1.56336,1.47708,1.38708,1.28941,1.18077,1.06059,0.93267,0.80492,0.68651,0.58412,0.49997,0.43268,0.37915,0.33617,0.30104,0.27177,0.24693,0.22552,0.20685,0.19041,0.17582,0.16279,0.1511,0.14057,0.13104,0.1224,0.11454,0.10737,0.10082,0.09481,0.0893,0.08422,0.07954,0.07522,0.07122,0.06751,0.06407,0.06086,0.05787,0.05509,0.05248,0.05004,0.04775,0.04561,0.04359,0.04169,0.0399,0.03821,0.03661,0.0351,0.03366,0.0323,0.03101,0.02979,0.02862,0.02751,0.02645,0.02543,0.02447,0.02354,0.02265,0.0218,0.02098,0.0202,0.01945,0.01872,0.01802,0.01735,0.0167,0.01608,0.01547,0.01485,0.01409,0.01336,0.01266
5,18,350,820,150,239.612,232.56,34.879,38.74,2.90E+20,229.739,1.73905,1.75577,1.82506,1.93761,2.05762,2.19249,2.39503,2.70008,3.11723,3.6017,4.04551,4.35898,4.53594,4.61952,4.65323,4.66553,4.67223,4.6814,4.69681,4.7199,4.75081,4.78889,4.83295,4.88146,4.93262,4.98451,5.03523,5.08302,5.12647,5.16467,5.19732,5.22485,5.24834,5.26944,5.29007,5.3119,5.33557,5.35969,5.38012,5.3902,5.38275,5.35335,5.3028,5.23679,5.16285,5.08733,5.01424,4.94548,4.88165,4.82263,4.76803,4.71739,4.67026,4.62626,4.58504,4.54633,4.50987,4.47547,4.44294,4.41213,4.3829,4.35513,4.32871,4.30355,4.27956,4.25666,4.23477,4.21385,4.19381,4.17462,4.15621,4.13855,4.12158,4.10528,4.0896,4.07451,4.05997,4.04597,4.03246,4.01943,4.00685,3.9947,3.98296,3.9716,3.96062,3.94999,3.93969,3.92972,3.92005,3.91068,3.90159,3.89277,3.8842,3.87589,3.86781,3.85995,3.85232,3.84489,3.83767,3.83063,3.82379,3.81712,3.81063,3.8043,3.79813,3.79212,3.78625,3.78053,3.77494,3.57541,3.73812,3.89056,4.07551,4.29355,4.50309,4.63949,4.62477,4.43394,4.13588,3.8253,3.5553,3.33823,3.16813,3.03455,2.92765,2.83934,2.7633,2.69455,2.62919,2.56421,2.4973,2.42685,2.35191,2.27218,2.18796,2.10012,2.0099,1.91879,1.8282,1.73922,1.65228,1.56679,1.48091,1.39148,1.29456,1.18673,1.06718,0.93941,0.81123,0.69194,0.5885,0.50338,0.43528,0.38115,0.33772,0.30227,0.27276,0.24774,0.2262,0.20742,0.19089,0.17623,0.16313,0.15139,0.1408,0.13123,0.12255,0.11466,0.10745,0.10087,0.09484,0.08929,0.08419,0.07949,0.07515,0.07113,0.0674,0.06393,0.06071,0.05771,0.05491,0.05229,0.04983,0.04754,0.04538,0.04335,0.04144,0.03964,0.03794,0.03633,0.03481,0.03337,0.032,0.0307,0.02947,0.0283,0.02718,0.02611,0.02509,0.02412,0.02319,0.0223,0.02144,0.02062,0.01983,0.01908,0.01835,0.01764,0.01697,0.01632,0.01569,0.01508,0.01446,0.0137,0.01296,0.01225
13,18,350,820,150,237.384,227.69,35.226,38.99,2.80E+20,227.947,1.74232,1.75538,1.8235,1.93823,2.06029,2.19391,2.39437,2.69957,3.11809,3.60249,4.0447,4.35674,4.53308,4.61651,4.65019,4.66245,4.66904,4.67802,4.69317,4.71593,4.74643,4.78401,4.82751,4.87539,4.92591,4.97717,5.02733,5.07469,5.11789,5.15606,5.18891,5.21682,5.24079,5.26235,5.28328,5.3052,5.32888,5.35342,5.3754,5.38862,5.38553,5.36049,5.31316,5.2488,5.17518,5.09919,5.02527,4.95561,4.89093,4.83117,4.77596,4.72482,4.67728,4.63293,4.59143,4.55247,4.51581,4.48122,4.44853,4.41756,4.3882,4.3603,4.33376,4.30849,4.28439,4.26138,4.2394,4.21837,4.19824,4.17895,4.16045,4.1427,4.12565,4.10926,4.09349,4.07832,4.0637,4.04962,4.03604,4.02293,4.01028,3.99805,3.98624,3.97482,3.96376,3.95307,3.94271,3.93267,3.92294,3.91351,3.90436,3.89548,3.88686,3.87849,3.87035,3.86244,3.85476,3.84728,3.84,3.83292,3.82603,3.81932,3.81278,3.8064,3.80019,3.79413,3.78823,3.78246,3.77684,3.57283,3.73778,3.88875,4.07167,4.29038,4.50159,4.63782,4.62147,4.42987,4.13234,3.82266,3.55333,3.33665,3.16676,3.03329,2.92645,2.8382,2.76221,2.69354,2.62833,2.56357,2.49701,2.42705,2.35278,2.27389,2.19069,2.10397,2.01495,1.92501,1.83549,1.74744,1.66127,1.57651,1.49153,1.40351,1.30875,1.20362,1.08638,0.95941,0.82998,0.70791,0.60113,0.51293,0.4424,0.3865,0.34185,0.30558,0.27551,0.2501,0.22828,0.20929,0.19258,0.17777,0.16454,0.15266,0.14196,0.13228,0.12349,0.11548,0.10818,0.10149,0.09536,0.08972,0.08453,0.07974,0.07532,0.07122,0.06741,0.06388,0.06059,0.05752,0.05465,0.05198,0.04947,0.04712,0.04491,0.04283,0.04088,0.03903,0.03729,0.03565,0.03409,0.03262,0.03122,0.0299,0.02863,0.02743,0.02629,0.0252,0.02416,0.02317,0.02222,0.02131,0.02043,0.0196,0.01879,0.01802,0.01728,0.01657,0.01588,0.01522,0.01458,0.01396,0.01333,0.01256,0.01182,0.0111
